Gene Symbol,Gene ID,Interaction Count,Organism Count
TNF,7124,255,7
CASP3,836,212,7
HMOX1,3162,155,4
IL1B,3553,148,5
NOS2,4843,123,5
CAT,847,118,8
BCL2,596,117,6
NFE2L2,4780,117,3
AKT1,207,111,7
BAX,581,110,7
MAPK3,5595,110,4
IL6,3569,107,5
MAPK1,5594,107,4
PTGS2,5743,97,5
CYP1A1,1543,81,5
PARP1,142,75,4
CASP9,842,72,5
RELA,5970,72,4
TNFSF10,8743,66,1
IFNG,3458,63,3
INS1,16333,60,4
TP53,7157,58,4
VEGFA,7422,56,5
MMP9,4318,53,4
TGFB1,7040,51,3
CCL2,6347,47,4
CDKN1A,1026,47,4
AR,367,46,2
NFKBIA,4792,45,4
CXCL8,3576,43,2
ABCB1,5243,42,2
GCLC,2729,39,3
ESR1,2099,38,6
CASP8,841,37,4
JUN,3725,37,4
SOD1,6647,35,5
GSR,2936,34,4
AHR,196,32,4
CCND1,595,31,3
FOS,2353,30,3
ICAM1,3383,30,3
BCL2L1,598,28,4
HIF1A,3091,28,3
MMP2,4313,28,4
BIRC5,332,27,3
SP1,6667,27,2
TLR4,7099,27,3
ABCC1,4363,26,3
NQO1,1728,26,3
SOD2,6648,26,4
MCL1,4170,25,3
AGT,183,24,3
NOS3,4846,24,5
CYP1A2,1544,23,4
EGFR,1956,23,3
ESR2,2100,23,1
HSPA5,3309,23,2
SIRT1,23411,23,3
TNFRSF10B,8795,23,1
COL1A1,1277,22,3
GPX1,2876,22,3
NFKB1,4790,22,4
PPARG,5468,22,4
ACTA2,59,21,3
EGF,1950,21,2
STAT3,6774,21,4
TGFA,7039,20,1
CYP3A4,1576,19,1
ERBB2,2064,19,1
INS,3630,19,2
PRKAA1,5562,19,2
VCAM1,7412,19,4
CTNNB1,1499,18,2
DDIT3,1649,18,2
EGR1,1958,18,3
NCF1,653361,18,3
BAD,572,17,4
BGLAP,632,17,2
CCNB1,891,17,3
CXCL10,3627,17,2
CYCS,54205,17,3
GCLM,2730,17,2
GPT,2875,17,3
PPARA,5465,17,3
SHH,6469,17,2
TYR,7299,17,2
ABCA1,19,16,2
CYP1B1,1545,16,4
FASN,2194,16,3
HMGB1,3146,16,2
MTOR,2475,16,4
ALOX15,246,15,2
CSF2,1437,15,2
MAPK8,5599,15,2
NLRP3,114548,15,2
PON1,5444,15,3
BID,637,14,3
CAV1,857,14,4
CDH1,999,14,2
CYP2E1,1571,14,3
FAS,355,14,3
MIR21,406991,14,2
MPO,4353,14,2
ACHE,43,13,3
ALB,213,13,3
APP,351,13,2
CD36,948,13,2
CXCL2,2920,13,3
EP300,2033,13,1
LEP,3952,13,3
S100B,6285,13,1
APOB,338,12,2
CASP7,840,12,1
CDK2,1017,12,1
CEBPB,1051,12,3
EDN1,1906,12,3
MAPK9,5601,12,1
MMP1,4312,12,1
PLAT,5327,12,2
SLC22A6,9356,12,3
SREBF1,6720,12,3
UGT1A1,54658,12,3
CASP1,834,11,3
CREB1,1385,11,2
FASLG,356,11,3
GSK3B,2932,11,3
GSTP1,2950,11,4
HSPA1A,3303,11,2
IRS1,3667,11,3
LDLR,3949,11,1
PPARGC1A,10891,11,3
PRKCD,5580,11,2
RUNX2,860,11,2
SERPINE1,5054,11,3
SREBF2,6721,11,2
TIMP1,7076,11,3
TOLLIP,54472,11,1
XBP1,7494,11,3
ABCC4,10257,10,1
CHUK,1147,10,3
JAK2,3717,10,3
LDHA,3939,10,3
MYC,4609,10,1
PDCD4,27250,10,1
POMC,5443,10,1
SMAD3,4088,10,2
STAT1,6772,10,2
TFRC,7037,10,3
TLR7,51284,10,1
TRP53,22059,10,1
XDH,7498,10,2
APOA1,335,9,2
CASP10,843,9,1
CDH2,1000,9,2
CYP11A1,1583,9,2
CYP19A1,1588,9,2
FSHB,2488,9,1
HGF,3082,9,2
KLK3,354,9,1
MIR27A,407018,9,1
NR1I2,8856,9,2
PCNA,5111,9,3
PTEN,5728,9,3
PTK2,5747,9,1
RPS6KB1,6198,9,3
SLC2A4,6517,9,2
STAR,6770,9,2
TJP1,7082,9,2
TNFSF11,8600,9,1
ABCG2,9429,8,3
APOE,348,8,2
BMP2,650,8,2
CCNE1,898,8,1
CDK1,983,8,3
CDKN1B,1027,8,1
CREBBP,1387,8,3
HSP90AA1,3320,8,1
HSPB1,3315,8,3
IL10,3586,8,3
IL18,3606,8,2
IL1A,3552,8,3
ITGB1,3688,8,2
LHB,3972,8,1
MET,4233,8,1
MKI67,4288,8,3
MMP3,4314,8,1
OCLN,100506658,8,2
RB1,5925,8,2
SELE,6401,8,2
SLC11A2,4891,8,3
SLC22A1,6580,8,3
SLC22A8,9376,8,2
SMAD2,4087,8,3
SPP1,6696,8,3
SRC,6714,8,3
ZBTB10,65986,8,1
ADA,100,7,3
BECN1,8678,7,3
CEBPA,1050,7,3
CPT1A,1374,7,4
CRP,1401,7,2
CYP2C8,1558,7,1
DNMT1,1786,7,2
F2,2147,7,2
G6PD,2539,7,3
GLI1,2735,7,3
GPX2,2877,7,3
GSTA1,2938,7,4
HSD3B1,3283,7,2
IBSP,3381,7,1
IGF1,3479,7,3
IGF1R,3480,7,2
IKBKB,3551,7,4
IL4,3565,7,3
KDR,3791,7,2
KEAP1,9817,7,3
MAP1LC3B,81631,7,2
MCOLN1,57192,7,2
MDM2,4193,7,2
MMP13,4322,7,1
PLAU,5328,7,2
PRKCA,5578,7,2
PYCARD,29108,7,2
RAF1,5894,7,2
SLC39A14,23516,7,2
SLC5A1,6523,7,3
SMAD4,4089,7,2
SP4,6671,7,1
TXNRD1,7296,7,3
VIM,7431,7,2
ACACA,31,6,2
AIFM1,9131,6,3
APAF1,317,6,2
ATM,472,6,2
BMI1,648,6,2
CCL5,6352,6,3
CCN2,1490,6,3
CD40,958,6,2
CDKN2A,1029,6,2
CLDN4,1364,6,2
COL3A1,1281,6,2
ERBB3,2065,6,1
ERN1,2081,6,2
FN1,2335,6,2
HAMP,57817,6,2
HSD17B3,3293,6,1
HSF1,3297,6,2
HSPA1B,3304,6,2
INSL3,3640,6,1
IQGAP1,8826,6,1
MAOA,4128,6,3
MAPK14,1432,6,3
MIR34A,407040,6,1
NR1H3,10062,6,3
OLR1,4973,6,2
PIK3R1,5295,6,3
PTGES,9536,6,2
SESN2,83667,6,1
SMO,6608,6,2
SOCS3,9021,6,3
SP3,6670,6,1
SQSTM1,8878,6,1
TFF1,7031,6,1
TLR2,7097,6,2
TNFRSF1A,7132,6,3
TXNIP,10628,6,2
VDR,7421,6,1
XIAP,331,6,3
ACE,1636,5,2
ADIPOQ,9370,5,2
ALPL,249,5,1
AQP5,362,5,1
BAK1,578,5,3
BMP6,654,5,1
CASP6,839,5,3
CCNA2,890,5,2
CCND2,894,5,2
CYP2C9,1559,5,1
ELK1,2002,5,1
EPO,2056,5,1
F3,2152,5,1
FADD,8772,5,1
FOXO1,2308,5,3
G3BP1,10146,5,1
GADD45A,1647,5,2
IDO1,3620,5,2
INSR,3643,5,2
JAK1,3716,5,2
KITLG,4254,5,2
LYN,4067,5,1
MAP2K4,6416,5,2
MYD88,4615,5,2
NOTCH1,4851,5,1
NT5E,4907,5,2
PKM,5315,5,1
PRDX2,7001,5,2
PRDX5,25824,5,2
PRL,5617,5,3
PTGS1,5742,5,3
SCNN1A,6337,5,3
SELP,6403,5,3
SERPIND1,3053,5,1
SLC22A2,6582,5,3
SLC2A1,6513,5,1
SLC2A9,56606,5,3
SLCO2B1,11309,5,1
SNAI1,6615,5,2
SULT1A1,6817,5,2
TBC1D4,9882,5,1
TGM2,7052,5,3
TNFRSF10A,8797,5,1
TP53I3,9540,5,1
UGT1A10,54575,5,2
AFP,174,4,1
AHRR,57491,4,1
ALOX5,240,4,1
AQP1,358,4,1
AQP2,359,4,1
AQP7,364,4,1
ARHGDIB,397,4,2
ARNT,405,4,1
ATF6,22926,4,2
ATP6,4508,4,2
AXIN2,8313,4,2
BUB1,699,4,1
CBR1,873,4,1
CDC25C,995,4,1
CDK4,1019,4,1
CDKN2B,1030,4,2
CFLAR,8837,4,2
CKB,1152,4,2
CLDN1,9076,4,2
COMT,1312,4,2
CTSD,1509,4,1
CYBA,1535,4,2
CYBB,1536,4,3
DHRS11,79154,4,2
EIF2AK3,9451,4,2
EPAS1,2034,4,1
EPHX2,2053,4,3
GPER1,2852,4,1
GPR35,2859,4,2
GPX3,2878,4,3
GSTA5,221357,4,1
H2AX,3014,4,3
HK2,3099,4,1
HMGCR,3156,4,2
HNRNPA2B1,3181,4,2
HSD17B1,3292,4,1
HSP90AB1,3326,4,2
IGFBP3,3486,4,2
IL1R1,3554,4,2
ITGB3,3690,4,2
KRAS,3845,4,1
LCT,3938,4,2
LYZ,4069,4,2
MGL2,216864,4,1
MT2A,4502,4,2
ND2,4536,4,2
NR3C1,2908,4,3
PCK1,5105,4,4
PDGFB,5155,4,2
PIK3CA,5290,4,3
PLAUR,5329,4,1
POR,5447,4,2
PPP3CA,5530,4,1
PRDX3,10935,4,2
PRKCB,5579,4,3
PTGR1,22949,4,3
RASGRP3,25780,4,3
SFN,2810,4,1
SLC22A12,116085,4,2
SLC22A5,6584,4,3
SLC2A2,6514,4,1
SLC40A1,30061,4,2
SLC5A5,6528,4,2
SLCO1A2,6579,4,1
SQSTM,100195312,4,1
SULT2A1,6822,4,2
TCF4,6925,4,2
TH,7054,4,1
THBS1,7057,4,1
TIMP2,7077,4,2
TRIM63,84676,4,1
TRPM7,54822,4,2
UCP2,7351,4,2
UGT1A3,54659,4,1
UGT1A6,54578,4,2
ABCC5,10057,3,1
ABCG5,64240,3,2
ACLY,47,3,2
ACTB,60,3,2
AKR7A3,22977,3,1
AKT2,208,3,2
ALPI,248,3,2
ANGPT1,284,3,1
ANLN,54443,3,1
ANXA1,301,3,2
AQP3,360,3,1
BCL2L11,10018,3,1
BHMT,635,3,3
BNIP3,664,3,2
BRCA2,675,3,3
BUB1B,701,3,1
CCL3,6348,3,1
CD74,972,3,2
CDC6,990,3,1
CFTR,1080,3,2
CHEK1,1111,3,2
COX1,4512,3,1
CSN1S1,1446,3,1
CSNK2A1,1457,3,1
CTSB,1508,3,2
CX3CR1,1524,3,1
CXCR4,7852,3,2
CYP17A1,1586,3,1
CYP24A1,1591,3,1
CYP2B10,13088,3,1
CYP2D6,1565,3,1
CYP3A5,1577,3,1
CYP51A1,1595,3,2
DCT,1638,3,1
DEFA1,1667,3,1
DEFA2,100294660,3,1
DFFA,1676,3,2
DIABLO,56616,3,1
DSPP,1834,3,1
EDNRB,1910,3,3
EGLN1,54583,3,2
EIF2A,83939,3,1
EIF4EBP3,8637,3,1
ENDOG,2021,3,1
EPHX1,2052,3,2
ERP29,10961,3,2
FABP1,2168,3,2
FDFT1,2222,3,2
FMO5,2330,3,2
FOSL1,8061,3,2
FOXA1,3169,3,2
FTL1,14325,3,1
GADD45B,4616,3,1
GAPDH,2597,3,3
GATA1,2623,3,1
GDF15,9518,3,1
GLI2,2736,3,1
GLRA1,2741,3,2
GSTA2,2939,3,2
GSTA3,2940,3,1
GSTM1,2944,3,2
GSTP2,14869,3,2
HAT1,8520,3,1
HMGCS1,3157,3,1
HRAS,3265,3,1
HRH1,3269,3,2
HSPA8,3312,3,2
HSPD1,3329,3,1
IDI1,3422,3,2
IL2,3558,3,2
KRT8,3856,3,2
LCAT,3931,3,2
LEF1,51176,3,2
LEPR,3953,3,2
LMNA,4000,3,1
LMNB1,4001,3,1
MAP3K5,4217,3,1
MCP1,443546,3,2
MIR148A,406940,3,1
MITF,4286,3,2
MMP7,4316,3,1
MSH2,4436,3,2
MTTP,4547,3,1
NANOG,79923,3,1
NCAPG,64151,3,2
NES,10763,3,2
NKX3-1,4824,3,1
NOS1,4842,3,2
NPPB,4879,3,1
NQO2,4835,3,1
NR0B2,8431,3,2
NR5A1,2516,3,1
NRAS,4893,3,1
NRF1,4899,3,1
NTRK1,4914,3,1
ODC1,4953,3,2
PDPK1,5170,3,2
PECAM1,5175,3,2
PGK1,5230,3,1
PHKA2,5256,3,2
PLD1,5337,3,1
PON2,5445,3,1
PPARGC1B,133522,3,2
PRDX1,5052,3,2
PTBP2,58155,3,2
PTCH1,5727,3,1
RELB,5971,3,1
ROCK1,6093,3,1
SDHC,6391,3,1
SHBG,6462,3,2
SLCO1B1,10599,3,1
SORBS1,10580,3,2
SQLE,6713,3,2
SYK,6850,3,2
TAB3,257397,3,1
TAGLN,6876,3,2
TERT,7015,3,1
TFAM,7019,3,2
TNFRSF10D,8793,3,1
TOP2B,7155,3,2
TP63,8626,3,1
TSFM,10102,3,1
TSPAN3,10099,3,2
TUBB,203068,3,1
TYMS,7298,3,2
TYRP1,7306,3,1
UCP1,7350,3,2
UGT1A7,54577,3,2
UGT1A9,54600,3,1
VHL,7428,3,1
XPC,7508,3,2
YWHAG,7532,3,1
ABCB11,8647,2,2
ABCC2,1244,2,2
ABCD2,225,2,1
ACADM,34,2,2
ACAT2,39,2,1
ACBD6,84320,2,1
ACOX2,8309,2,2
ADGRE1,2015,2,1
ADGRG1,9289,2,1
AGTR1A,11607,2,2
AGXT,189,2,2
AIF1,199,2,1
AK4,205,2,2
AKR1B10,57016,2,1
AKR1B8,14187,2,1
AKR1C3,8644,2,1
ALDH1B1,219,2,2
ALDH2,217,2,2
ALDH4A1,8659,2,2
ALDOA,226,2,2
ALOX12,239,2,1
ANKH,56172,2,2
ANXA2,302,2,2
AOC3,8639,2,1
AP5M1,55745,2,1
APC,324,2,1
APOF,319,2,2
APOM,55937,2,1
AQP9,366,2,1
ARG1,383,2,2
ARHGAP29,9411,2,1
ATF1,466,2,1
ATF3,467,2,1
ATG12,9140,2,2
ATG5,9474,2,2
ATG7,10533,2,1
ATL2,64225,2,1
ATP1A1,476,2,2
ATP1B1,481,2,2
ATP6V1C1,528,2,1
ATP7B,540,2,2
ATXN3,4287,2,2
AUH,549,2,2
BCHE,590,2,2
BDH2,56898,2,2
BHLHE40,8553,2,2
BLM,641,2,2
BPTF,2186,2,1
BRCA1,672,2,1
BUB3,9184,2,1
C2CD5,9847,2,1
CABLES1,91768,2,1
CADM1,23705,2,2
CADPS2,93664,2,1
CALCR,799,2,1
CAPN1,823,2,2
CAPN2,824,2,2
CASP4,837,2,1
CCDC138,165055,2,1
CCDC88A,55704,2,1
CCL8,6355,2,1
CCNA1,8900,2,1
CCNB2,9133,2,1
CCND3,896,2,1
CCNE2,9134,2,1
CD302,9936,2,1
CD40LG,959,2,1
CD63,967,2,1
CD68,968,2,1
CD69,969,2,1
CD80,941,2,1
CD86,942,2,1
CDC20,991,2,1
CDC45,8318,2,1
CDC7,8317,2,1
CDK6,1021,2,1
CDK7,1022,2,2
CDKN1C,1028,2,1
CDKN2C,1031,2,1
CDKN3,1033,2,1
CENPF,1063,2,1
CEP152,22995,2,1
CEP55,55165,2,1
CERS5,91012,2,1
CFAP298,56683,2,1
CFB,629,2,1
CHAT,1103,2,1
CHD2,1106,2,1
CHEK2,11200,2,2
CHKA,1119,2,2
CLDN10,9071,2,1
CNN1,1264,2,1
COL6A1,1291,2,2
COQ3,51805,2,1
COX7B2,170712,2,1
CP,1356,2,2
CPT1B,1375,2,2
CRYZ,1429,2,1
CRYZL1,9946,2,1
CS,1431,2,1
CSNK2A2,1459,2,1
CSTF2,1478,2,1
CTH,1491,2,2
CTNNA1,1495,2,1
CTSK,1513,2,1
CUL4B,8450,2,1
CXCL1,2919,2,1
CYCB,37618,2,1
CYP2C19,1557,2,1
CYP2J2,1573,2,2
DBF4,10926,2,1
DDIT4,54541,2,1
DEK,7913,2,1
DENR,8562,2,1
DEPDC1B,55789,2,1
DERL3,91319,2,1
DHCR7,1717,2,1
DIO1,1733,2,2
DKK1,22943,2,1
DKK2,27123,2,2
DLGAP5,9787,2,1
DMPK,1760,2,2
DMXL1,1657,2,1
DPP4,1803,2,1
DTWD1,56986,2,1
DUOX2,50506,2,1
DUSP1,1843,2,2
E2F1,1869,2,1
E2F2,1870,2,1
E2F5,1875,2,1
EGR2,1959,2,1
EHHADH,1962,2,2
EI24,9538,2,1
EIF2S1,1965,2,1
EIF4E,1977,2,1
EIF4EBP1,1978,2,2
ELAVL3,1995,2,0
EMP1,2012,2,1
EMP3,2014,2,1
ENO1,2023,2,1
ENPP3,5169,2,1
EPHA2,1969,2,1
ERCC1,2067,2,1
EVA1A,84141,2,1
EXOC4,60412,2,1
F2RL1,2150,2,1
FAIM,55179,2,1
FAM50A,9130,2,1
FAM53C,51307,2,1
FARP1,10160,2,1
FBXO32,114907,2,1
FDPS,2224,2,1
FDX1,2230,2,1
FGF18,8817,2,1
FNBP1L,54874,2,1
FOXO3,2309,2,1
FRS2,10818,2,1
GAB1,2549,2,1
GABPA,2551,2,1
GBF1,8729,2,1
GJA1,2697,2,2
GLDC,2731,2,2
GLIPR1,11010,2,1
GLS,2744,2,1
GLUL,2752,2,1
GOT1,2805,2,2
GPAM,57678,2,2
GPAT3,84803,2,1
GPI,2821,2,1
GPR137B,7107,2,2
GPR83,10888,2,1
GPX5,2880,2,1
GRB14,2888,2,1
GRB2,2885,2,1
GSDMD,79792,2,1
GSTA4,2941,2,2
GSTK1,373156,2,2
GSTM5,2949,2,2
GSTT1,2952,2,2
GSTT3,103140,2,1
GSTZ1,2954,2,1
GYS1,2997,2,1
H2AC8,3012,2,1
H3-4,8290,2,1
HBEGF,1839,2,1
HBP1,26959,2,2
HDC,3067,2,1
HES1,3280,2,1
HEXB,3074,2,1
HEXIM2,124790,2,1
HHEX,3087,2,2
HLA-DMA,3108,2,2
HLA-DQA1,3117,2,2
HMBS,3145,2,1
HMGA1,3159,2,1
HMGB2,3148,2,1
HMGCS2,3158,2,2
HMGN3,9324,2,1
HNRNPA1,3178,2,2
HNRNPD,3184,2,1
HSD3B6,15497,2,1
HSF4,3299,2,2
HSP70,403612,2,1
HSP90B1,7184,2,2
HSPA2,3306,2,1
HSPA4,3308,2,2
HSPA4L,22824,2,2
HSPA6,3310,2,1
ID2,3398,2,2
IER3,8870,2,1
IFNGR1,3459,2,1
IL12B,3593,2,1
IL1RL1,9173,2,2
IL1RN,3557,2,1
IL5,3567,2,1
IL6ST,3572,2,1
IMMT,10989,2,1
INHA,3623,2,1
IP6K2,51447,2,2
IRF3,3661,2,2
ITGA5,3678,2,2
ITGAV,3685,2,2
ITPR1,3708,2,1
JUNB,3726,2,1
JUND,3727,2,1
KDM3A,55818,2,1
KIF15,56992,2,1
KIF16B,55614,2,1
KIF23,9493,2,1
KIFAP3,22920,2,1
KLC4,89953,2,1
KMT2A,4297,2,1
KRT1,3848,2,2
KRT19,3880,2,1
LGALS1,3956,2,1
LGALS9,3965,2,1
LGR5,8549,2,1
LHCGR,3973,2,1
LIF,3976,2,1
LINGO1,84894,2,1
LRMDA,83938,2,1
MAD1L1,8379,2,1
MAFF,23764,2,1
MALT1,10892,2,1
MAOB,4129,2,1
MAP2K1,5604,2,2
MAP2K6,5608,2,1
MAP3K1,4214,2,1
MAP3K4,4216,2,1
MAP3K7,6885,2,1
MAPK10,5602,2,2
MAPK13,5603,2,1
MAPT,4137,2,2
MAT1A,4143,2,2
MBD4,8930,2,2
MCM2,4171,2,1
MCM4,4173,2,1
MCM6,4175,2,1
MED26,9441,2,1
MGLL,11343,2,2
MGST1,4257,2,1
MIR125A,406910,2,2
MIR155,406947,2,1
MIR339,442907,2,2
MIS18BP1,55320,2,1
MKNK2,2872,2,1
MMP10,4319,2,1
MSX1,4487,2,2
MT1,17748,2,1
MTFR1,9650,2,1
MTUS1,57509,2,1
MUC1,4582,2,1
MYH1,4619,2,1
MYH3,4621,2,2
MYL9,10398,2,1
NAA15,80155,2,1
NAV2,89797,2,1
NCF2,4688,2,1
NDC80,10403,2,1
NDUFS1,4719,2,2
NEB,4703,2,1
NFAT5,10725,2,1
NFATC1,4772,2,1
NFE2,4778,2,1
NFKBIB,4793,2,2
NGF,4803,2,1
NME4,4833,2,1
NMT2,9397,2,1
NOX1,27035,2,2
NPM1,4869,2,1
NPPA,4878,2,1
NR1I3,9970,2,2
NR4A1,3164,2,2
NRP1,8829,2,1
NUMB,8650,2,2
OGG1,4968,2,1
OMA1,115209,2,1
ORC2,4999,2,1
OSBPL3,26031,2,1
OSBPL8,114882,2,1
OTC,5009,2,1
PA2G4,5036,2,1
PAN2,9924,2,1
PARK7,11315,2,1
PDK2,5164,2,1
PDK4,5166,2,2
PDS5B,23047,2,1
PFKFB3,5209,2,1
PFKP,5214,2,1
PFN1,5216,2,2
PGAM1,5223,2,1
PHF8,23133,2,1
PHGDH,26227,2,1
PHLDA1,22822,2,1
PHLDA2,7262,2,1
PI4KA,5297,2,1
PIDD1,55367,2,1
PIK3CB,5291,2,1
PIK3CG,5294,2,1
PKP2,5318,2,1
PKP4,8502,2,1
PLA2G2A,5320,2,1
PLAAT3,11145,2,1
PLEC,5339,2,1
PLK1,5347,2,1
PNKP,11284,2,2
PNPLA3,80339,2,2
POLB,5423,2,2
POLH,5429,2,1
POTEE,445582,2,1
PPARD,5467,2,1
PPIA,5478,2,1
PPID,5481,2,2
PPIL4,85313,2,1
PPM1D,8493,2,1
PPP1R13L,10848,2,1
PPP1R15A,23645,2,1
PPP1R3D,5509,2,1
PPP3R1,5534,2,1
PRDX6,9588,2,2
PRKAB1,5564,2,2
PRKACA,5566,2,1
PRKAR2A,5576,2,2
PRKCI,5584,2,2
PRKCQ,5588,2,1
PRKDC,5591,2,2
PROM1,8842,2,1
PSD4,23550,2,1
PSIP1,11168,2,1
PSME4,23198,2,2
PSRC1,84722,2,1
PTGDS,5730,2,2
PTGFRN,5738,2,1
PTPRU,10076,2,1
PTTG1,9232,2,1
PXDNL,137902,2,1
RAB3B,5865,2,1
RACK1,10399,2,1
RAD51,5888,2,1
RAD54B,25788,2,1
RAI14,26064,2,1
RASA1,5921,2,1
RASGRP1,10125,2,1
RBKS,64080,2,1
RBL1,5933,2,2
RBM12,10137,2,1
RBM3,5935,2,1
RBM38,55544,2,1
RECK,8434,2,2
RFC1,5981,2,1
RGN,9104,2,1
RGS5,8490,2,2
RLF,6018,2,1
RNF14,9604,2,1
RNF43,54894,2,1
ROBO1,6091,2,1
ROCK2,9475,2,2
RPS6,6194,2,2
RPS6KA1,6195,2,1
RPS6KA5,9252,2,1
RUVBL1,8607,2,1
SAFB2,9667,2,1
SAP18,10284,2,1
SAT1,6303,2,1
SCARB1,949,2,1
SCNN1G,6340,2,1
SELENBP1,8991,2,2
SERPINB1,1992,2,1
SERTAD1,29950,2,1
SHPRH,257218,2,1
SIN3A,25942,2,1
SKP2,6502,2,1
SLC12A2,6558,2,1
SLC12A4,6560,2,1
SLC16A1,6566,2,2
SLC16A3,9123,2,2
SLC16A4,9122,2,1
SLC22A3,6581,2,2
SLC22A4,6583,2,1
SLC23A1,9963,2,1
SLC27A5,10998,2,2
SLC2A8,29988,2,1
SLC4A11,83959,2,2
SLC7A11,23657,2,1
SLC7A9,11136,2,1
SLCO1B3,28234,2,1
SMAD7,4092,2,2
SMC3,9126,2,1
SMPD1,6609,2,1
SMTN,6525,2,1
SNAI2,6591,2,2
SNTB1,6641,2,1
SOD3,6649,2,1
SOS1,6654,2,1
SPATA18,132671,2,1
SPTBN1,6711,2,1
SRRM1,10250,2,2
SRRM2,23524,2,1
ST13,6767,2,1
STK11,6794,2,1
STK26,51765,2,1
SUCLG2,8801,2,2
SULT1E1,6783,2,1
TBC1D1,23216,2,1
TBXA2R,6915,2,1
TCF7,6932,2,1
TDRD3,81550,2,1
TF,7018,2,1
TFB1M,51106,2,1
TFPI2,7980,2,2
TG,7038,2,1
TGFBR2,7048,2,1
TGIF2,60436,2,1
TJP2,9414,2,1
TKT,7086,2,2
TM4SF1,4071,2,1
TMBIM4,51643,2,1
TMEM41B,440026,2,1
TMEM45A,55076,2,1
TNFRSF11A,8792,2,2
TNFRSF1B,7133,2,1
TNFRSF9,3604,2,1
TNNC1,7134,2,1
TNP1,7141,2,1
TOP2A,7153,2,2
TP53INP1,94241,2,1
TP73,7161,2,1
TPI1,7167,2,1
TPM1,7168,2,2
TPO,7173,2,1
TRADD,8717,2,2
TRAF1,7185,2,1
TRIP12,9320,2,1
TRPV1,7442,2,1
TRPV6,55503,2,1
TSC2,7249,2,1
TSHR,7253,2,1
TUBA1A,7846,2,2
TUFM,7284,2,1
TWIST1,7291,2,2
TXN1,22166,2,2
TYK2,7297,2,2
UBE2A,7319,2,1
UBE2D2A,56550,2,1
UFD1,7353,2,1
UGT1A8,54576,2,2
UGT2B1,71773,2,1
UGT2B15,7366,2,1
UMOD,7369,2,1
USP2,9099,2,2
USP6NL,9712,2,1
VASN,114990,2,1
VAT1,10493,2,2
VDAC1,7416,2,1
VLDLR,7436,2,2
VRK2,7444,2,1
WDR44,54521,2,1
WEE1,7465,2,1
WWTR1,25937,2,1
YWHAZ,7534,2,1
ZBTB14,7541,2,1
ZC3H6,376940,2,2
ZEB2,9839,2,1
ZFYVE16,9765,2,1
ZNF165,7718,2,1
ZNF652,22834,2,1
ZNF684,127396,2,1
A1BG,1,1,1
A1CF,29974,1,1
AADAT,51166,1,1
AAGAB,79719,1,1
AASDH,132949,1,1
AASS,10157,1,1
ABCA12,26154,1,1
ABCA5,23461,1,1
ABCA7,10347,1,1
ABCA8A,217258,1,1
ABCB4,5244,1,1
ABCC6,368,1,1
ABCD3,5825,1,1
ABCF2,10061,1,1
ABCG8,64241,1,1
ABHD14B,84836,1,1
ABHD4,63874,1,1
ABHD5,51099,1,1
ABHD6,57406,1,1
ABL1,25,1,1
ABLIM1,3983,1,1
ABLIM3,22885,1,1
ABRACL,58527,1,1
ABRAXAS1,84142,1,1
ABTB3,121551,1,1
ACAA1,30,1,1
ACAA2,10449,1,1
ACAD11,84129,1,1
ACADSB,36,1,1
ACADVL,37,1,1
ACAT1,38,1,1
ACBD7,414149,1,1
ACE2,59272,1,1
ACER3,55331,1,1
ACO1,48,1,1
ACOT13,55856,1,1
ACOT3,171281,1,1
ACOX1,51,1,1
ACOX3,8310,1,1
ACP3,55,1,1
ACSF2,80221,1,1
ACSL5,51703,1,1
ACSL6,23305,1,1
ACSM3,6296,1,1
ACSM5,54988,1,1
ACSS3,79611,1,1
ACTA1,58,1,1
ACTC1,70,1,1
ACTN1,87,1,1
ACTN4,81,1,1
ACTR1A,10121,1,1
ACTR1B,10120,1,1
ACTR6,64431,1,1
ACTR8,93973,1,1
ACY1,95,1,1
ACYP1,97,1,1
ADAL,161823,1,1
ADAM12,8038,1,1
ADAM15,8751,1,1
ADAM9,8754,1,1
ADAMTSL4,54507,1,1
ADD1,118,1,1
ADD3,120,1,1
ADGRA3,166647,1,1
ADGRB1,575,1,1
ADGRE5,976,1,1
ADGRF1,266977,1,1
ADGRG4,139378,1,1
ADGRG6,57211,1,1
ADGRG7,84873,1,1
ADGRL2,23266,1,1
ADGRV1,84059,1,1
ADH4,127,1,1
ADH5,128,1,1
ADH6,130,1,1
ADIPOR2,79602,1,1
ADK,132,1,1
ADM,133,1,1
ADNP,23394,1,1
ADORA2A,135,1,1
ADPRM,56985,1,1
ADRA2C,152,1,1
ADRB2,154,1,1
ADRM1,11047,1,1
ADSS1,122622,1,1
AEN,64782,1,1
AFAP1,60312,1,1
AFDN-DT,653483,1,1
AFG3L1,114896,1,1
AGBL2,79841,1,1
AGE-1,174762,1,1
AGER,177,1,1
AGL,178,1,1
AGMAT,79814,1,1
AGO2,27161,1,1
AGR2,10551,1,1
AGTPBP1,23287,1,1
AGTR1,185,1,1
AHNAK,79026,1,1
AHNAK2,113146,1,1
AHSG,197,1,1
AIG1,51390,1,1
AIMP1,9255,1,1
AIR,7808,1,1
AJUBA,84962,1,1
AK3,50808,1,1
AKAP12,9590,1,1
AKIRIN1,79647,1,1
AKIRIN2,55122,1,1
AKR1B1,231,1,1
AKR1C14,105387,1,1
AKR1C2,1646,1,1
AKR1C6,83702,1,1
AKR1D1,6718,1,1
AKR1E2,83592,1,1
AKR7A5,110198,1,1
AKT1S1,84335,1,1
ALAS1,211,1,1
ALDH1A1,216,1,1
ALDH3A2,224,1,1
ALDH5A1,7915,1,1
ALDH6A1,4329,1,1
ALDH7A1,501,1,1
ALDH8A1,64577,1,1
ALDH9A1,223,1,1
ALDOC,230,1,1
ALG10,84920,1,1
ALG13,79868,1,1
ALG14,199857,1,1
ALG6,29929,1,1
ALKAL2,285016,1,1
ALKBH7,84266,1,1
ALMS1,7840,1,1
ALOX5AP,241,1,1
ALPK2,115701,1,1
ALT,42127,1,1
ALYREF,10189,1,1
AMACR,23600,1,1
AMDHD1,144193,1,1
AMMECR1,9949,1,1
AMN1,196394,1,1
AMOTL2,51421,1,1
AMPD2,271,1,1
AMPD3,272,1,1
AMT,275,1,1
ANAPC1,64682,1,1
ANAPC10,10393,1,1
ANAPC15,25906,1,1
ANAPC4,29945,1,1
ANG,283,1,1
ANGPTL4,51129,1,1
ANGPTL8,55908,1,1
ANK2,287,1,1
ANKEF1,63926,1,1
ANKHD1,54882,1,1
ANKMY2,57037,1,1
ANKRA2,57763,1,1
ANKRD10,55608,1,1
ANKRD12,23253,1,1
ANKRD13C-DT,11147,1,1
ANKRD16,54522,1,1
ANKRD26,22852,1,1
ANKRD37,353322,1,1
ANKS4B,257629,1,1
ANO1,55107,1,1
ANP32A,8125,1,1
ANP32E,81611,1,1
ANPEP,290,1,1
ANTXR2,118429,1,1
ANXA3,306,1,1
ANXA4,307,1,1
ANXA5,308,1,1
ANXA6,309,1,1
ANXA8,653145,1,1
AOC2,314,1,1
AOX1,316,1,1
AP1M2,10053,1,1
AP1S1,1174,1,1
AP1S2,8905,1,1
AP3M2,10947,1,1
APBA3,9546,1,1
APBB2,323,1,1
APLN,8862,1,1
APLP1,333,1,1
APOA4,337,1,1
APOA5,116519,1,1
APOBEC3B,9582,1,1
APOBEC3G,60489,1,1
APOC1,341,1,1
APOC2,344,1,1
APOC3,345,1,1
APOH,350,1,1
APOLD1,81575,1,1
APOV1,396476,1,1
APPL2,55198,1,1
APRG1,339883,1,1
AQP11,282679,1,1
ARAF,369,1,1
ARAP2,116984,1,1
AREG,374,1,1
ARF3,377,1,1
ARFGAP1,55738,1,1
ARFGAP3,26286,1,1
ARFGEF1,10565,1,1
ARFGEF2,10564,1,1
ARFGEF3,57221,1,1
ARG2,384,1,1
ARHGAP11A,9824,1,1
ARHGAP17,55114,1,1
ARHGAP18,93663,1,1
ARHGAP19,84986,1,1
ARHGAP21,57584,1,1
ARHGAP27,201176,1,1
ARHGAP44,9912,1,1
ARHGAP45,23526,1,1
ARHGAP5-AS1,84837,1,1
ARHGEF16,27237,1,1
ARHGEF28,64283,1,1
ARHGEF3,50650,1,1
ARHGEF5,7984,1,1
ARID1A,8289,1,1
ARID2,196528,1,1
ARID4A,5926,1,1
ARL13B,200894,1,1
ARL15,54622,1,1
ARL4D,379,1,1
ARL6,84100,1,1
ARL6IP5,10550,1,1
ARMCX5,64860,1,1
ARMT1,79624,1,1
ARRB1,408,1,1
ARRDC2,27106,1,1
ARRDC3,57561,1,1
ARSA,410,1,1
ARSG,22901,1,1
ARSL,415,1,1
ART4,420,1,1
ARVCF,421,1,1
ASAH1,427,1,1
ASAP2,8853,1,1
ASB16,92591,1,1
ASB16-AS1,339201,1,1
ASB2,51676,1,1
ASB6,140459,1,1
ASB9,140462,1,1
ASCC3,10973,1,1
ASF1B,55723,1,1
ASGR1,432,1,1
ASL,435,1,1
ASPH,444,1,1
ASPHD1,253982,1,1
ASPM,259266,1,1
ASPRV1,151516,1,1
ASPSCR1,79058,1,1
ASRGL1,80150,1,1
ASS1,445,1,1
ASTE1,28990,1,1
ATF2,1386,1,1
ATF4,468,1,1
ATF6B,1388,1,1
ATF7IP,55729,1,1
ATG14,22863,1,1
ATG16L2,89849,1,1
ATG2A,23130,1,1
ATG3,64422,1,1
ATL1,51062,1,1
ATP13A1,57130,1,1
ATP1B3,483,1,1
ATP23,91419,1,1
ATP2A1,487,1,1
ATP2A2,488,1,1
ATP5F1A,498,1,1
ATP5F1B,506,1,1
ATP5MC1,516,1,1
ATP5MF,9551,1,1
ATP6V0B,533,1,1
ATP6V1E2,90423,1,1
ATP7A,538,1,1
ATP8B1,5205,1,1
ATP9A,10079,1,1
ATR,545,1,1
ATXN2,6311,1,1
AURKA,6790,1,1
AURKB,9212,1,1
AXL,558,1,1
B3GAT3,26229,1,1
B3GLCT,145173,1,1
B3GNTL1,146712,1,1
B4GALNT1,2583,1,1
B4GALT4,8702,1,1
BAAT,570,1,1
BACE1,23621,1,1
BAG2,9532,1,1
BAG4,9530,1,1
BAIAP2,10458,1,1
BAMBI,25805,1,1
BAZ1A,11177,1,1
BAZ2B,29994,1,1
BBS12,166379,1,1
BBS2,583,1,1
BBS4,585,1,1
BBS5,129880,1,1
BBS9,27241,1,1
BCAM,4059,1,1
BCAR1,9564,1,1
BCAR3,8412,1,1
BCAT1,586,1,1
BCKDHA,593,1,1
BCKDK,10295,1,1
BCL2A1,597,1,1
BCL2L14,79370,1,1
BCL2L15,440603,1,1
BCL2L2,599,1,1
BCL9,607,1,1
BCLAF1,9774,1,1
BCOR,54880,1,1
BCR,613,1,1
BDH1,622,1,1
BDKRB1,623,1,1
BDNF,627,1,1
BEND5,79656,1,1
BEX1,55859,1,1
BFAR,51283,1,1
BGN,633,1,1
BHMT2,23743,1,1
BIK,638,1,1
BIRC2,329,1,1
BIRC3,330,1,1
BIVM,54841,1,1
BLOC1S2,282991,1,1
BLTP1,84162,1,1
BLVRB,645,1,1
BMAL1,406,1,1
BMAL2,56938,1,1
BMERB1,89927,1,1
BMP1,649,1,1
BMP2K,55589,1,1
BMP3,651,1,1
BMP4,652,1,1
BMP8A,353500,1,1
BMP8B,656,1,1
BMPR1A,657,1,1
BMT2,154743,1,1
BNIP3L,665,1,1
BOP1,23246,1,1
BORA,79866,1,1
BORCS7,119032,1,1
BPIFB2,80341,1,1
BRAF,673,1,1
BRAP,8315,1,1
BRD2,6046,1,1
BRD7,29117,1,1
BRDT,676,1,1
BSCL2,26580,1,1
BSG,682,1,1
BSN,8927,1,1
BTBD2,55643,1,1
BTF3L4,91408,1,1
BTG1,694,1,1
BTG2,7832,1,1
C11ORF52,91894,1,1
C11ORF54,28970,1,1
C11ORF96,387763,1,1
C12ORF60,144608,1,1
C12ORF75,387882,1,1
C14ORF28,122525,1,1
C15ORF48,84419,1,1
C16ORF87,388272,1,1
C17ORF100,388327,1,1
C17ORF58,284018,1,1
C17ORF75,64149,1,1
C18ORF54,162681,1,1
C19ORF18,147685,1,1
C19ORF25,148223,1,1
C1D,10438,1,1
C1GALT1,56913,1,1
C1GALT1C1,29071,1,1
C1ORF115,79762,1,1
C1ORF162,128346,1,1
C1ORF216,127703,1,1
C1ORF226,400793,1,1
C1S,716,1,1
C2CD2,25966,1,1
C2CD4A,145741,1,1
C2ORF49,79074,1,1
C2ORF72,257407,1,1
C2ORF76,130355,1,1
C3ORF33,285315,1,1
C3ORF38,285237,1,1
C3ORF52,79669,1,1
C4BPA,722,1,1
C4BPB,725,1,1
C4ORF3,401152,1,1
C5,727,1,1
C5AR1,728,1,1
C5AR2,27202,1,1
C5ORF34,375444,1,1
C6ORF226,441150,1,1
C6ORF52,347744,1,1
C7ORF50,84310,1,1
C8A,731,1,1
C8B,732,1,1
C8G,733,1,1
C9ORF152,401546,1,1
C9ORF78,51759,1,1
C9ORF85,138241,1,1
CA2,760,1,1
CAAP1,79886,1,1
CABIN1,23523,1,1
CACNA1D,776,1,1
CACNG6,59285,1,1
CACYBP,27101,1,1
CAD,790,1,1
CALB1,793,1,1
CAMK1,8536,1,1
CAMK2A,815,1,1
CAMK2B,816,1,1
CAMKMT,79823,1,1
CAMSAP3,57662,1,1
CAMTA2,23125,1,1
CAND1,55832,1,1
CAPN15,6650,1,1
CAPRIN2,65981,1,1
CAR3,12350,1,1
CAR8,12319,1,1
CARNMT1,138199,1,1
CASD1,64921,1,1
CASKIN2,57513,1,1
CASP12,100506742,1,1
CASP14,23581,1,1
CASP2,835,1,1
CASP8AP2,9994,1,1
CATSPER3,347732,1,1
CAV2,858,1,1
CAVIN1,284119,1,1
CAVIN2,8436,1,1
CBR4,84869,1,1
CBS,875,1,1
CBX2,84733,1,1
CBX5,23468,1,1
CBX6,23466,1,1
CC2D1B,200014,1,1
CCDC126,90693,1,1
CCDC15,80071,1,1
CCDC17,149483,1,1
CCDC62,84660,1,1
CCDC68,80323,1,1
CCDC69,26112,1,1
CCDC81,60494,1,1
CCDC92,80212,1,1
CCHCR1,54535,1,1
CCKAR,886,1,1
CCL12,20293,1,1
CCL13,6357,1,1
CCL15,6359,1,1
CCL16,6360,1,1
CCN1,3491,1,1
CCNB1IP1,57820,1,1
CCNF,899,1,1
CCNG2,901,1,1
CCPG1,9236,1,1
CCR6,1235,1,1
CCR7,1236,1,1
CCR9,10803,1,1
CCRL2,9034,1,1
CCT5,22948,1,1
CD109,135228,1,1
CD151,977,1,1
CD24,100133941,1,1
CD2AP,23607,1,1
CD38,952,1,1
CD3D,915,1,1
CD46,4179,1,1
CD55,1604,1,1
CD58,965,1,1
CD59,966,1,1
CD7,924,1,1
CD83,9308,1,1
CD9,928,1,1
CD93,22918,1,1
CDA,978,1,1
CDC14A,8556,1,1
CDC16,8881,1,1
CDC25A,993,1,1
CDC27,996,1,1
CDC2L1,419406,1,1
CDC37,11140,1,1
CDC42,998,1,1
CDC42EP1,11135,1,1
CDC73,79577,1,1
CDCA3,83461,1,1
CDCA5,113130,1,1
CDCA7L,55536,1,1
CDH11,1009,1,1
CDH17,1015,1,1
CDIP1,29965,1,1
CDK10,8558,1,1
CDK11B,984,1,1
CDK13,8621,1,1
CDK5R1,8851,1,1
CDK5RAP2,55755,1,1
CDK8,1024,1,1
CDK9,1025,1,1
CDKAL1,54901,1,1
CDO1,1036,1,1
CDR2L,30850,1,1
CDRT4,284040,1,1
CDS1,1040,1,1
CDT1,81620,1,1
CEACAM5,1048,1,1
CEBPD,1052,1,1
CEL,1056,1,1
CELF1,10658,1,1
CELSR3,1951,1,1
CEMIP,57214,1,1
CEMIP2,23670,1,1
CENPA,1058,1,1
CENPC,1060,1,1
CENPE,1062,1,1
CENPI,2491,1,1
CENPJ,55835,1,1
CENPK,64105,1,1
CENPU,79682,1,1
CENPW,387103,1,1
CENPX,201254,1,1
CEP128,145508,1,1
CEP135,9662,1,1
CEP170,9859,1,1
CEP170B,283638,1,1
CEP68,23177,1,1
CEP70,80321,1,1
CEP72,55722,1,1
CEP78,84131,1,1
CEP83,51134,1,1
CEP89,84902,1,1
CEP95,90799,1,1
CES1C,13884,1,1
CES2,8824,1,1
CFAP251,144406,1,1
CFAP74,85452,1,1
CFI,3426,1,1
CFL1,1072,1,1
CFL2,1073,1,1
CGNL1,84952,1,1
CHAC2,494143,1,1
CHAF1A,10036,1,1
CHAF1B,8208,1,1
CHAMP1,283489,1,1
CHCHD10,400916,1,1
CHD1L,9557,1,1
CHD3,1107,1,1
CHD7,55636,1,1
CHIL3,12655,1,1
CHML,1122,1,1
CHN2,1124,1,1
CHORDC1,26973,1,1
CHPF,79586,1,1
CHRM1,1128,1,1
CHRM2,1129,1,1
CHRM3,1131,1,1
CHRM4,1132,1,1
CHRM5,1133,1,1
CHRNA10,57053,1,1
CHST13,166012,1,1
CHST14,113189,1,1
CHST15,51363,1,1
CHST3,9469,1,1
CHST5,23563,1,1
CHST9,83539,1,1
CHTF18,63922,1,1
CHTF8,54921,1,1
CIAPIN1,57019,1,1
CIB3,117286,1,1
CIC,23152,1,1
CIDEB,27141,1,1
CIDEC,63924,1,1
CIP2A,57650,1,1
CIPC,85457,1,1
CIRBP,1153,1,1
CIT,11113,1,1
CITED1,4435,1,1
CITED2,10370,1,1
CKLF,51192,1,1
CKM,1158,1,1
CLASP1,23332,1,1
CLASP2,23122,1,1
CLCN3,1182,1,1
CLCN5,1184,1,1
CLDN14,23562,1,1
CLDN23,137075,1,1
CLDN8,9073,1,1
CLGN,1047,1,1
CLIP2,7461,1,1
CLK1,1195,1,1
CLK3,1198,1,1
CLMN,79789,1,1
CLN3,1201,1,1
CLN5,1203,1,1
CLP1,10978,1,1
CLPX,10845,1,1
CLSPN,63967,1,1
CLTB,1212,1,1
CLTRN,57393,1,1
CLYBL,171425,1,1
CMBL,134147,1,1
CMPK2,129607,1,1
CMTM7,112616,1,1
CMTR2,55783,1,1
CNNM4,26504,1,1
CNOT8,9337,1,1
CNOT9,9125,1,1
CNTNAP1,8506,1,1
CNTRL,11064,1,1
COA7,65260,1,1
COBLL1,22837,1,1
COG5,10466,1,1
COG6,57511,1,1
COIL,8161,1,1
COL18A1,80781,1,1
COL1A2,1278,1,1
COL2A1,1280,1,1
COL6A3,1293,1,1
COL7A1,1294,1,1
COLEC12,81035,1,1
COMMD1,150684,1,1
COMMD10,51397,1,1
COMMD8,54951,1,1
COPE,11316,1,1
COPS2,9318,1,1
COPS4,51138,1,1
COPS5,10987,1,1
COPS8,10920,1,1
COQ10B,80219,1,1
CORO2A,7464,1,1
CORO2B,10391,1,1
COTL1,23406,1,1
COX11,1353,1,1
COX19,90639,1,1
COX2,4513,1,1
COX20,116228,1,1
COX3,4514,1,1
COX4,35279,1,1
COX5A,9377,1,1
COX5B,1329,1,1
COX6B1,1340,1,1
CPB2,1361,1,1
CPED1,79974,1,1
CPN1,1369,1,1
CPN2,1370,1,1
CPNE2,221184,1,1
CPQ,10404,1,1
CPS1,1373,1,1
CPT2,1376,1,1
CPVL,54504,1,1
CRACD,57482,1,1
CREB3L2,64764,1,1
CREB3L3,84699,1,1
CRELD2,79174,1,1
CRH,1392,1,1
CRIPT,9419,1,1
CRISP1,167,1,1
CRLF1,9244,1,1
CRLF3,51379,1,1
CRLS1,54675,1,1
CRYBG1,202,1,1
CRYGS,1427,1,1
CRYL1,51084,1,1
CRYM,1428,1,1
CSAD,51380,1,1
CSDE1,7812,1,1
CSF3R,1441,1,1
CSGALNACT1,55790,1,1
CSGALNACT2,55454,1,1
CSKMT,751071,1,1
CSN2,1447,1,1
CSNK2A3,283106,1,1
CSNK2B,1460,1,1
CSRP1,1465,1,1
CSRP2,1466,1,1
CSTA,1475,1,1
CTC1,80169,1,1
CTDSPL2,51496,1,1
CTHRC1,115908,1,1
CTNND1,1500,1,1
CTRL,1506,1,1
CTSC,1075,1,1
CTSO,1519,1,1
CTTN,2017,1,1
CTTNBP2,83992,1,1
CUEDC1,404093,1,1
CUEDC2,79004,1,1
CUTC,51076,1,1
CUX2,23316,1,1
CUZD1,50624,1,1
CX3CL1,6376,1,1
CXCL16,58191,1,1
CXCL8A,100002946,1,1
CYB561D1,284613,1,1
CYB5A,1528,1,1
CYB5R3,1727,1,1
CYBC1,79415,1,1
CYGB,114757,1,1
CYORF15A,100270688,1,1
CYP11B1,1584,1,1
CYP19A1A,30390,1,1
CYP26B1,56603,1,1
CYP27B1,1594,1,1
CYP2A13,1553,1,1
CYP2A4,13086,1,1
CYP2A6,1548,1,1
CYP2B13,13089,1,1
CYP2B2,361523,1,1
CYP2B7P,1556,1,1
CYP2B9,13094,1,1
CYP2C12,25011,1,1
CYP2C29,13095,1,1
CYP2C39,13098,1,1
CYP2C50,107141,1,1
CYP2C7,29298,1,1
CYP2D2,25053,1,1
CYP2D22,56448,1,1
CYP2S1,29785,1,1
CYP3A11,13112,1,1
CYP3A13,13113,1,1
CYP3A2,266682,1,1
CYP3A59,100041449,1,1
CYP4A10,13117,1,1
CYP4A14,13119,1,1
CYP4A31,666168,1,1
CYP4F11,57834,1,1
CYP8B1,1582,1,1
CYTB,4519,1,1
DAB2,1601,1,1
DAB2IP,153090,1,1
DAF-16,172981,1,1
DAF-2,175410,1,1
DAP,1611,1,1
DAPK1,1612,1,1
DAPK3,1613,1,1
DARS1,1615,1,1
DAXX,1616,1,1
DBH-AS1,138948,1,1
DBN1,1627,1,1
DBR1,51163,1,1
DCAF16,54876,1,1
DCAF6,55827,1,1
DCBLD2,131566,1,1
DCC,1630,1,1
DCDC2,51473,1,1
DCK,1633,1,1
DCP1A,55802,1,1
DCP1B,196513,1,1
DCPS,28960,1,1
DCUN1D2,55208,1,1
DCUN1D5,84259,1,1
DDB2,1643,1,1
DDC,1644,1,1
DDIAS,220042,1,1
DDIT4L,115265,1,1
DDX11,1663,1,1
DDX17,10521,1,1
DDX19B,11269,1,1
DDX20,11218,1,1
DDX26B,102865995,1,1
DDX39A,10212,1,1
DDX42,11325,1,1
DDX5,1655,1,1
DDX52,11056,1,1
DDX54,79039,1,1
DDX59,83479,1,1
DECR1,1666,1,1
DEF8,54849,1,1
DELE1,9812,1,1
DENND1A,57706,1,1
DEPDC1,55635,1,1
DEPDC7,91614,1,1
DEPP1,11067,1,1
DEPTOR,64798,1,1
DES,1674,1,1
DFFB,1677,1,1
DGAT2,84649,1,1
DGCR8,54487,1,1
DGKA,1606,1,1
DGKG,1608,1,1
DGKQ,1609,1,1
DHCR24,1718,1,1
DHFR2,200895,1,1
DHRS13,147015,1,1
DHRS4,10901,1,1
DHRS7,51635,1,1
DHX29,54505,1,1
DHX38,9785,1,1
DHX40,79665,1,1
DIMT1L,445162,1,1
DIO2,1734,1,1
DIP2A,23181,1,1
DKK1B,30197,1,1
DKK4,27121,1,1
DLD,1738,1,1
DLG1,1739,1,1
DLX2,1746,1,1
DLX6,1750,1,1
DMXL2,23312,1,1
DNAAF2,55172,1,1
DNAJA1,3301,1,1
DNAJB2,3300,1,1
DNAJB4,11080,1,1
DNAJC1,64215,1,1
DNAJC12,56521,1,1
DNAJC2,27000,1,1
DNAJC3,5611,1,1
DNASE1,1773,1,1
DNASE1L1,1774,1,1
DNASE1L3,1776,1,1
DNHD1,144132,1,1
DNLZ,728489,1,1
DNTTIP2,30836,1,1
DOCK10,55619,1,1
DOCK4,9732,1,1
DOCK5,80005,1,1
DOK6,220164,1,1
DOLK,22845,1,1
DOP1A,23033,1,1
DPF2,5977,1,1
DPH3,285381,1,1
DPH6,89978,1,1
DPM2,8818,1,1
DPM3,54344,1,1
DPY30,84661,1,1
DPYD,1806,1,1
DPYSL2,1808,1,1
DPYSL3,1809,1,1
DPYSL4,10570,1,1
DRAM1,55332,1,1
DRAP1,10589,1,1
DRD1,1812,1,1
DRD2,1813,1,1
DRD3,1814,1,1
DRD4,1815,1,1
DRD5,1816,1,1
DRG2,1819,1,1
DROSHA,29102,1,1
DSC2,1824,1,1
DSCC1,79075,1,1
DSE,29940,1,1
DST,667,1,1
DSTN,11034,1,1
DTD2,112487,1,1
DTL,51514,1,1
DUSP28,285193,1,1
DUSP4,1846,1,1
DUSP5,1847,1,1
DUSP6,1848,1,1
DYDC2,84332,1,1
DYNC1H1,1778,1,1
DYNC1LI2,1783,1,1
DYNC2I2,89891,1,1
DYNLL1,8655,1,1
DYNLT2B,255758,1,1
DYNLT3,6990,1,1
E2F3,1871,1,1
E2F7,144455,1,1
EAF2,55840,1,1
ECD,11319,1,1
ECH1,1891,1,1
ECHDC1,55862,1,1
ECHDC3,79746,1,1
ECI2,10455,1,1
ECT2,1894,1,1
EDA2R,60401,1,1
EDAR,10913,1,1
EDC3,80153,1,1
EEF1A2,1917,1,1
EEF1AKMT1,221143,1,1
EEF1AKMT2,399818,1,1
EEF1AKMT3,25895,1,1
EEF1B2,1933,1,1
EEIG1,399665,1,1
EEIG2,284611,1,1
EFCAB11,90141,1,1
EFCAB7,84455,1,1
EFCAB8,388795,1,1
EFEMP1,2202,1,1
EFNA1,1942,1,1
EFNA4,1945,1,1
EFNB2,1948,1,1
EFR3A,23167,1,1
EGLN3,112399,1,1
EGR3,1960,1,1
EGR4,1961,1,1
EHBP1,23301,1,1
EHBP1L1,254102,1,1
EID2B,126272,1,1
EID3,493861,1,1
EIF1,10209,1,1
EIF2AK2,5610,1,1
EIF2B2,8892,1,1
EIF2S2,8894,1,1
EIF3A,8661,1,1
EIF3B,8662,1,1
EIF3F,8665,1,1
EIF4A1,1973,1,1
EIF4E2,9470,1,1
EIF5,1983,1,1
ELF3,1999,1,1
ELF4,2000,1,1
ELK4,2005,1,1
ELL2,22936,1,1
ELMOD2,255520,1,1
ELOB,6923,1,1
ELOVL1,64834,1,1
ELOVL3,83401,1,1
ELOVL6,79071,1,1
ELP1,8518,1,1
EML2,24139,1,1
ENAH,55740,1,1
ENDOD1,23052,1,1
ENOSF1,55556,1,1
ENPP1,5167,1,1
ENPP2,5168,1,1
ENSA,2029,1,1
ENTPD5,957,1,1
ENTR1,10807,1,1
EOGT,285203,1,1
EP400,57634,1,1
EPB41L1,2036,1,1
EPB41L4A-AS1,114915,1,1
EPB41L5,57669,1,1
EPHB4,2050,1,1
EPN3,55040,1,1
EPS15,2060,1,1
EPS15L1,58513,1,1
EPS8,2059,1,1
EPS8L2,64787,1,1
ERCC2,2068,1,1
ERCC3,2071,1,1
ERCC5,2073,1,1
ERCC6L,54821,1,1
EREG,2069,1,1
ERF,2077,1,1
ERG28,11161,1,1
ERGIC2,51290,1,1
ERI2,112479,1,1
ERN2,10595,1,1
ERP27,121506,1,1
ESAM,90952,1,1
ESM1,11082,1,1
ESPN,83715,1,1
ESR2A,317734,1,1
ESR2B,317733,1,1
ESRP1,54845,1,1
ESS2,8220,1,1
ETFB,2109,1,1
ETNPPL,64850,1,1
ETS2,2114,1,1
ETV4,2118,1,1
ETV5,2119,1,1
EVA1B,55194,1,1
EVI1,733318,1,1
EXOC2,55770,1,1
EXOC5,10640,1,1
EXOC6,54536,1,1
EXOC8,149371,1,1
EXOSC8,11340,1,1
EXOSC9,5393,1,1
EXTL2,2135,1,1
EZH2,2146,1,1
F10,2159,1,1
F11R,50848,1,1
F2R,2149,1,1
F2RL2,2151,1,1
F7,2155,1,1
FABP5,2171,1,1
FABP6,2172,1,1
FADS3,3995,1,1
FAH,2184,1,1
FAHD2A,51011,1,1
FAM110B,90362,1,1
FAM114A1,92689,1,1
FAM117A,81558,1,1
FAM117B,150864,1,1
FAM120C,54954,1,1
FAM135A,57579,1,1
FAM13A,10144,1,1
FAM13B,51306,1,1
FAM13C,220965,1,1
FAM161A,84140,1,1
FAM162A,26355,1,1
FAM171A1,221061,1,1
FAM174A,345757,1,1
FAM177A1,283635,1,1
FAM193A,8603,1,1
FAM193B,54540,1,1
FAM200C,63920,1,1
FAM209A,200232,1,1
FAM209B,388799,1,1
FAM216A,29902,1,1
FAM222A,84915,1,1
FAM228B,375190,1,1
FAM234B,57613,1,1
FAM3B,54097,1,1
FAM3C,10447,1,1
FAM43A,131583,1,1
FAM53B,9679,1,1
FAM83D,81610,1,1
FAM98A,25940,1,1
FAM98B,283742,1,1
FAN1,22909,1,1
FANCB,2187,1,1
FANCG,2189,1,1
FANCI,55215,1,1
FANCL,55120,1,1
FARP2,9855,1,1
FASTKD1,79675,1,1
FASTKD2,22868,1,1
FAT1,2195,1,1
FBLN2,2199,1,1
FBP1,2203,1,1
FBXL2,25827,1,1
FBXL21P,26223,1,1
FBXL6,26233,1,1
FBXO10,26267,1,1
FBXO17,115290,1,1
FBXO2,26232,1,1
FBXO25,26260,1,1
FBXO28,23219,1,1
FBXO3,26273,1,1
FBXO30,84085,1,1
FBXO31,79791,1,1
FBXO41,150726,1,1
FBXO5,26271,1,1
FBXW7,55294,1,1
FCER1G,2207,1,1
FCGR2B,2213,1,1
FCHSD1,89848,1,1
FCHSD2,9873,1,1
FDCSP,260436,1,1
FDXR,2232,1,1
FEM1C,56929,1,1
FERMT1,55612,1,1
FERMT2,10979,1,1
FEZ2,9637,1,1
FGA,2243,1,1
FGB,2244,1,1
FGD6,55785,1,1
FGF1,2246,1,1
FGF2,2247,1,1
FGF3,2248,1,1
FGF7,2252,1,1
FGFBP3,143282,1,1
FGFR1OP2,26127,1,1
FGFR3,2261,1,1
FGFR4,2264,1,1
FGG,2266,1,1
FGL2,10875,1,1
FH,2271,1,1
FHIT,2272,1,1
FHL1,2273,1,1
FIG4,9896,1,1
FIGN,55137,1,1
FIGNL1,63979,1,1
FILIP1L,11259,1,1
FIT1,38488,1,1
FKBP10,60681,1,1
FKBP8,23770,1,1
FLAD1,80308,1,1
FLCN,201163,1,1
FLG,2312,1,1
FLNA,2316,1,1
FLNB,2317,1,1
FLRT3,23767,1,1
FLT1,2321,1,1
FLT4,2324,1,1
FLVCR2,55640,1,1
FMC1,154791,1,1
FMO1,2326,1,1
FMR1,2332,1,1
FNBP1,23048,1,1
FNBP4,23360,1,1
FNDC3B,64778,1,1
FNIP2,57600,1,1
FNTA,2339,1,1
FOXA3,3171,1,1
FOXM1,2305,1,1
FOXN3,1112,1,1
FOXP1,27086,1,1
FPGT,8790,1,1
FPR2,2358,1,1
FRAT1,10023,1,1
FRAT2,23401,1,1
FREM1,158326,1,1
FRK,2444,1,1
FRMD3,257019,1,1
FRMD4B,23150,1,1
FRMD5,84978,1,1
FRZB,2487,1,1
FSTL3,10272,1,1
FTCD,10841,1,1
FTSJ3,117246,1,1
FUBP3,8939,1,1
FUT11,170384,1,1
FUT6,2528,1,1
FUT8,2530,1,1
FXR1,8087,1,1
FXYD1,5348,1,1
FXYD2,486,1,1
FXYD5,53827,1,1
FYN,2534,1,0
FZD2,2535,1,1
FZD4,8322,1,1
FZD7,8324,1,1
G0S2,50486,1,1
G2E3,55632,1,1
G6PC1,2538,1,1
GAA,2548,1,1
GAB2,9846,1,1
GABBR2,9568,1,1
GABPB2,126626,1,1
GABRB1,2560,1,1
GABRB3,2562,1,1
GABRE,2564,1,1
GAD1,2571,1,1
GADD45,35646,1,1
GAL3ST1,9514,1,1
GALK2,2585,1,1
GALM,130589,1,1
GALNT1,2589,1,1
GALNT10,55568,1,1
GALNT11,63917,1,1
GALNT3,2591,1,1
GALR2,8811,1,1
GALR3,8484,1,1
GAN,8139,1,1
GAP43,2596,1,1
GAPVD1,26130,1,1
GAREM1,64762,1,1
GAS2,2620,1,1
GAS2L3,283431,1,1
GAS6,2621,1,1
GASK1B,51313,1,1
GATA4,2626,1,1
GATA6,2627,1,1
GATM,2628,1,1
GBE1,2632,1,1
GCA,25801,1,1
GCFC2,6936,1,1
GCK,2645,1,1
GCKR,2646,1,1
GCNA,93953,1,1
GCNT2,2651,1,1
GCNT3,9245,1,1
GCOM1,145781,1,1
GDA,9615,1,1
GDF11,10220,1,1
GDI1,2664,1,1
GDPD5,81544,1,1
GEM,2669,1,1
GEMIN2,8487,1,1
GEMIN6,79833,1,1
GET1,7485,1,1
GFAP,2670,1,1
GFM1,85476,1,1
GFOD1,54438,1,1
GFPT1,2673,1,1
GGH,8836,1,1
GGT1,2678,1,1
GHDC,84514,1,1
GHRL,51738,1,0
GIMAP6,474344,1,1
GINS4,84296,1,1
GIPC1,10755,1,1
GIPC2,54810,1,1
GJA5,2702,1,1
GJB1,2705,1,1
GLA,2717,1,1
GLCCI1,113263,1,1
GLCE,26035,1,1
GLMN,11146,1,1
GLMP,112770,1,1
GLO1,2739,1,1
GLRX2,51022,1,1
GLS2,27165,1,1
GLT8D1,55830,1,1
GLTPD2,388323,1,1
GLUD1,2746,1,1
GLUD2,2747,1,1
GMDS,2762,1,1
GMFG,9535,1,1
GMPPB,29925,1,1
GNA13,10672,1,1
GNA15,2769,1,1
GNAI1,2770,1,1
GNAI2,2771,1,1
GNAI3,2773,1,1
GNAO1,2775,1,1
GNG4,2786,1,1
GNL1,2794,1,1
GNMT,27232,1,1
GNPTAB,79158,1,1
GOLGA3,2802,1,1
GOLGA8A,23015,1,1
GOLIM4,27333,1,1
GOLT1A,127845,1,1
GPAA1,8733,1,1
GPANK1,7918,1,1
GPATCH2L,55668,1,1
GPC1,2817,1,1
GPC6,10082,1,1
GPD1L,23171,1,1
GPHA2,170589,1,1
GPKOW,27238,1,1
GPN1,11321,1,1
GPNMB,10457,1,1
GPR146,115330,1,1
GPR160,26996,1,1
GPR173,54328,1,1
GPR174,84636,1,1
GPR19,2842,1,1
GPR4,2828,1,1
GPR63,81491,1,1
GPRC5A,9052,1,1
GPRC5C,55890,1,1
GPSM2,29899,1,1
GPT2,84706,1,1
GPX4,2879,1,1
GPX6,257202,1,1
GPX8,493869,1,1
GRB10,2887,1,1
GRIA3,2892,1,1
GRPEL1,80273,1,1
GSDMB,55876,1,1
GSDME,1687,1,1
GSE1,23199,1,1
GSK3A,2931,1,1
GSKIP,51527,1,1
GSN,2934,1,1
GSS,2937,1,1
GSTM2,2946,1,1
GSTM3,2947,1,1
GSTM4,2948,1,1
GSTM6,14867,1,1
GSTO2,119391,1,1
GSTS2,692543,1,1
GSTT1L,769847,1,1
GSTT2,2953,1,1
GTF2E2,2961,1,1
GTF2H1,2965,1,1
GTF2H4,2968,1,1
GTF2H5,404672,1,1
GTPBP8,29083,1,1
GUCA1B,2979,1,1
GUCD1,83606,1,1
GUF1,60558,1,1
GULP1,51454,1,1
GUSB,2990,1,0
GUSBP11,91316,1,1
GYG2,8908,1,1
GYPA,2993,1,1
GYPC,2995,1,1
GZMA,3001,1,1
GZMB,3002,1,1
H1-10,8971,1,1
H1-2,3006,1,1
H1-5,3009,1,1
H1F0,14958,1,1
H2-AA,14960,1,1
H2-AB1,14961,1,1
H2AC20,8338,1,1
H2AC6,8334,1,1
H2BC5,3017,1,1
H2BC8,8339,1,1
H2-DMA,14998,1,1
H3C2,8358,1,1
H3C4,8351,1,1
H4C3,8364,1,1
HACD2,201562,1,1
HACL1,26061,1,1
HAL,3034,1,1
HAO2,51179,1,1
HAUS1,115106,1,1
HAUS3,79441,1,1
HAVCR2,84868,1,1
HBA1,3039,1,1
HBB,3043,1,1
HBG2,3048,1,1
HCFC1R1,54985,1,1
HCLS1,3059,1,1
HDAC1,3065,1,1
HDAC4,9759,1,1
HDAC7,51564,1,1
HDGF,3068,1,1
HDLBP,3069,1,1
HEATR1,55127,1,1
HEATR3,55027,1,1
HEATR6,63897,1,1
HEBP2,23593,1,1
HECTD1,25831,1,1
HECTD2,143279,1,1
HECTD4,283450,1,1
HELLS,3070,1,1
HELZ,9931,1,1
HEPH,9843,1,1
HERC2,8924,1,1
HERPUD1,9709,1,1
HES4,57801,1,1
HEY1,23462,1,1
HGS,9146,1,1
HIBCH,26275,1,1
HIGD1A,25994,1,1
HILPDA,29923,1,1
HINT3,135114,1,1
HIVEP2,3097,1,1
HLA-A,3105,1,1
HLA-B,3106,1,1
HLA-DQB1,3119,1,1
HLA-DRB1,3123,1,1
HLA-DRB4,3126,1,1
HLA-E,3133,1,1
HLCS,3141,1,1
HLF,3131,1,1
HLTF,6596,1,1
HMGA2,8091,1,1
HMGCL,3155,1,1
HMMR,3161,1,1
HMOX,100528875,1,1
HNF4A,3172,1,1
HNF4G,3174,1,1
HNMT,3176,1,1
HNRNPA0,10949,1,1
HNRNPDL,9987,1,1
HNRNPH1,3187,1,1
HNRNPH3,3189,1,1
HNRNPK,3190,1,1
HNRNPLL,92906,1,1
HOOK1,51361,1,1
HOOK2,29911,1,1
HOOK3,84376,1,1
HOXA3,3200,1,1
HOXA4,3201,1,1
HOXA5,3202,1,1
HOXB6,3216,1,1
HOXD1,3231,1,1
HP,3240,1,1
HPF1,54969,1,1
HPN,3249,1,1
HPR,3250,1,1
HPRT1,3251,1,1
HPS5,11234,1,1
HPSE,10855,1,1
HS1BP3,64342,1,1
HS2ST1,9653,1,1
HS3ST5,222537,1,1
HSD11B1,3290,1,1
HSD11B2,3291,1,1
HSD17B10,3028,1,1
HSD17B2,3294,1,1
HSD17B4,3295,1,1
HSD17B6,8630,1,1
HSD3B,111785,1,1
HSD3B2,3284,1,1
HSF2,3298,1,1
HSP27,39078,1,1
HSPA12A,259217,1,1
HSPA14,51182,1,1
HSPA1L,3305,1,1
HSPB9,94086,1,1
HSPBAP1,79663,1,1
HSPE1,3336,1,1
HSPG2,3339,1,1
HSPH1,10808,1,1
HTR2A,3356,1,1
HTRA2,27429,1,1
HYLS1,219844,1,1
IARS1,3376,1,1
IBTK,25998,1,1
ICAM3,3385,1,1
ICAM4,3386,1,1
ICE1,23379,1,1
ICE2,79664,1,1
ID1,3397,1,1
ID3,3399,1,1
IDH1,3417,1,1
IDH3B,3420,1,1
IER2,9592,1,1
IER5,51278,1,1
IER5L,389792,1,1
IFI27L1,122509,1,1
IFI30,10437,1,1
IFI44,10561,1,1
IFI6,2537,1,1
IFIH1,64135,1,1
IFIT1,3434,1,1
IFIT5,24138,1,1
IFNA1,3439,1,1
IFNA4,3441,1,1
IFNA6,3443,1,1
IFNAR1,3454,1,1
IFNB1,3456,1,1
IFNG1,405790,1,1
IFNGR2,3460,1,1
IFRD1,3475,1,1
IFT172,26160,1,1
IFT70B,150737,1,1
IFT80,57560,1,1
IGDCC3,9543,1,1
IGDCC4,57722,1,1
IGF2,3481,1,1
IGF2BP3,10643,1,1
IGFBP1,3484,1,1
IGFBP2,3485,1,1
IGFBP4,3487,1,1
IGFBP7,3490,1,1
IGKV13-84,692152,1,1
IGKV7-33,243461,1,1
IGSF1,3547,1,1
IHH,3549,1,1
IKBIP,121457,1,1
IKBKG,8517,1,1
IL10RB,3588,1,1
IL11,3589,1,1
IL13,3596,1,1
IL15,3600,1,1
IL17RB,55540,1,1
IL1R2,7850,1,1
IL1RAP,3556,1,1
IL20RB,53833,1,1
IL22RA1,58985,1,1
IL32,9235,1,1
IL4R,3566,1,1
IL7,3574,1,1
IMMP1L,196294,1,1
IMP3,55272,1,1
IMPA2,3613,1,1
IMPDH1,3614,1,1
IMPDH2,3615,1,1
INAFM1,255783,1,1
INHBB,3625,1,1
INHBE,83729,1,1
INKA2,55924,1,1
INO80,54617,1,1
INO80B,83444,1,1
INO80C,125476,1,1
INPP4A,3631,1,1
INPP5D,3635,1,1
INS2,16334,1,1
INSIG1,3638,1,1
INSIG2,51141,1,1
INTS13,55726,1,1
INTS8,55656,1,1
INTU,27152,1,1
IPO8,10526,1,1
IQCF1,132141,1,1
IQGAP2,10788,1,1
IRAG2,4033,1,1
IRAK1,3654,1,1
IRAK1BP1,134728,1,1
IRF2BP2,359948,1,1
IRF2BPL,64207,1,1
IRX3,79191,1,1
ISG15,9636,1,1
ISM2,145501,1,1
ISOC1,51015,1,1
ISX,91464,1,1
ISYNA1,51477,1,1
ITGA10,8515,1,1
ITGA2,3673,1,1
ITGA2B,3674,1,1
ITGA6,3655,1,1
ITGAM,3684,1,1
ITGAX,3687,1,1
ITGB2,3689,1,1
ITGB3BP,23421,1,1
ITIH1,3697,1,1
ITIH3,3699,1,1
ITPKA,3706,1,1
ITPKC,80271,1,1
ITPR2,3709,1,1
ITPR3,3710,1,1
ITPRIP,85450,1,1
ITPRIPL1,150771,1,1
ITSN1,6453,1,1
ITSN2,50618,1,1
IVNS1ABP,10625,1,1
JAG1,182,1,1
JAML,120425,1,1
JDP2,122953,1,1
JMY,133746,1,1
JPT2,90861,1,1
JUP,3728,1,1
KANK1,23189,1,1
KANK2,25959,1,1
KANK4,163782,1,1
KAT2B,8850,1,1
KAT5,10524,1,1
KAT8,84148,1,1
KATNAL1,84056,1,1
KATNBL1,79768,1,1
KATNIP,23247,1,1
KAZN,23254,1,1
KBTBD3,143879,1,1
KBTBD4,55709,1,1
KBTBD6,89890,1,1
KBTBD7,84078,1,1
KCNJ10,3766,1,1
KCNJ14,3770,1,1
KCTD13,253980,1,1
KCTD14,65987,1,1
KCTD6,200845,1,1
KDM1B,221656,1,1
KDM4A,9682,1,1
KDM5A,5927,1,1
KHDC4,22889,1,1
KHNYN,23351,1,1
KHSRP,8570,1,1
KIAA0753,9851,1,1
KIAA0930,23313,1,1
KIAA1217,56243,1,1
KIAA1522,57648,1,1
KIAA1586,57691,1,1
KIF11,3832,1,1
KIF14,9928,1,1
KIF18A,81930,1,1
KIF1B,23095,1,1
KIF20A,10112,1,1
KIF20B,9585,1,1
KIF21A,55605,1,1
KIF2A,3796,1,1
KIF3A,11127,1,1
KIF4A,24137,1,1
KIFC1,3833,1,1
KIFC2,90990,1,1
KIR2DL3,3804,1,1
KIR2DL4,3805,1,1
KIR2DS5,3810,1,1
KIR3DL3,115653,1,1
KITL,17311,1,1
KLC2,64837,1,1
KLF15,28999,1,1
KLF3,51274,1,1
KLF4,9314,1,1
KLF5,688,1,1
KLF6,1316,1,1
KLHDC2,23588,1,1
KLHL14,57565,1,1
KLHL2,11275,1,1
KLHL21,9903,1,1
KLHL28,54813,1,1
KLHL5,51088,1,1
KLHL7,55975,1,1
KLHL9,55958,1,1
KLK2,3817,1,1
KMT2D,8085,1,1
KNG1,3827,1,1
KNL1,57082,1,1
KPNA3,3839,1,1
KPNA4,3840,1,1
KRCC1,51315,1,1
KRIT1,889,1,1
KRT15,3866,1,1
KRT18,3875,1,1
KRT20,54474,1,1
KRT23,25984,1,1
KRT81,3887,1,1
KSR1,8844,1,1
KTI12,112970,1,1
KYAT3,56267,1,1
L3MBTL2,83746,1,1
LACTB,114294,1,1
LACTB2,51110,1,1
LAD1,3898,1,1
LAIR2,3904,1,1
LAMA1,284217,1,1
LAMB2,3913,1,1
LAMTOR1,55004,1,1
LAMTOR3,8649,1,1
LAP3,51056,1,1
LAPTM5,7805,1,1
LARP1,23367,1,1
LARP6,55323,1,1
LBH,81606,1,1
LBR,3930,1,1
LBX2-AS1,151534,1,1
LCN15,389812,1,1
LDAF1,57146,1,1
LDB2,9079,1,1
LDHB,3945,1,1
LEAP2,116842,1,1
LEFTY2,7044,1,1
LENG8,114823,1,1
LETM2,137994,1,1
LGALS2,3957,1,1
LGALS3,3958,1,1
LGALS3BP,3959,1,1
LGALS8,3964,1,1
LGR4,55366,1,1
LGSN,51557,1,1
LIFR,3977,1,1
LIM2,3982,1,1
LIMA1,51474,1,1
LIN28B,389421,1,1
LINC00261,140828,1,1
LINC00526,147525,1,1
LINC01558,26238,1,1
LIPA,3988,1,1
LIPC,3990,1,1
LIPE,3991,1,1
LIPG,9388,1,1
LIPH,200879,1,1
LIPT1,51601,1,1
LMAN1,3998,1,1
LMBRD1,55788,1,1
LMCD1,29995,1,1
LMO7,4008,1,1
LNP1,348801,1,1
LNPEP,4012,1,1
LNX2,222484,1,1
LONRF1,91694,1,1
LOX,4015,1,1
LPAR3,23566,1,1
LPAR5,57121,1,1
LPAR6,10161,1,1
LPGAT1,9926,1,1
LPO,4025,1,1
LPXN,9404,1,1
LRCH1,23143,1,1
LRG1,116844,1,1
LRIG1,26018,1,1
LRIG3,121227,1,1
LRP10,26020,1,1
LRP5L,91355,1,1
LRRC17,10234,1,1
LRRC37A3,374819,1,1
LRRC41,10489,1,1
LRRC8D,55144,1,1
LRRFIP1,9208,1,1
LRRIQ3,127255,1,1
LSM4,25804,1,1
LSMD1,100195932,1,1
LSMEM1,286006,1,1
LSR,51599,1,1
LSS,4047,1,1
LTB4R,1241,1,1
LUZP1,7798,1,1
LY96,23643,1,1
LYPLAL1,127018,1,1
LYSMD2,256586,1,1
LZTR1,8216,1,1
MACROD1,28992,1,1
MAD2L1,4085,1,1
MAFG,4097,1,1
MAGED1,9500,1,1
MAGI2,9863,1,1
MAGI3,260425,1,1
MAL2,114569,1,1
MALAT1,378938,1,1
MALSU1,115416,1,1
MAN1A1,4121,1,1
MAN1A2,10905,1,1
MAN2C1,4123,1,1
MANEA,79694,1,1
MANSC1,54682,1,1
MAP1B,4131,1,1
MAP2K2,5605,1,1
MAP2K3,5606,1,1
MAP3K12,7786,1,1
MAP3K13,9175,1,1
MAP3K14,9020,1,1
MAP3K2,10746,1,1
MAP3K3,4215,1,1
MAP3K8,1326,1,1
MAP3K9,4293,1,1
MAP4,4134,1,1
MAP4K1,11184,1,1
MAP4K4,9448,1,1
MAP7D1,55700,1,1
MAPK11,5600,1,1
MAPK8IP2,23542,1,1
MAPKAPK2,9261,1,1
MAPKBP1,23005,1,1
MARCHF3,115123,1,1
MARK2,2011,1,1
MARS2,92935,1,1
MASP2,10747,1,1
MAST2,23139,1,1
MASTL,84930,1,1
MAT2A,4144,1,1
MATCAP1,653319,1,1
MAZ,4150,1,1
MBD6,114785,1,1
MBIP,51562,1,1
MBLAC2,153364,1,1
MBNL2,10150,1,1
MBNL3,55796,1,1
MC1R,4157,1,1
MCM10,55388,1,1
MCM3,4172,1,1
MCM3AP,8888,1,1
MCM7,4176,1,1
MCTS1,28985,1,1
MCUB,55013,1,1
MDC1,9656,1,1
MDH1,4190,1,1
MDK,4192,1,1
MDM1,56890,1,1
MDN1,23195,1,1
ME1,4199,1,1
ME2,4200,1,1
MED1,5469,1,1
MED10,84246,1,1
MED13,9969,1,1
MED21,9412,1,1
MED24,9862,1,1
MED30,90390,1,1
MED7,9443,1,1
MEGF6,1953,1,1
MEGF8,1954,1,1
MEIS1,4211,1,1
MEIS2,4212,1,1
MEN1,4221,1,1
MEP1A,4224,1,1
MEPCE,56257,1,1
METRNL,284207,1,1
METTL13,51603,1,1
METTL18,92342,1,1
METTL21A,151194,1,1
METTL25B,51093,1,1
METTL5,29081,1,1
MFHAS1,9258,1,1
MFN1,55669,1,1
MFSD10,10227,1,1
MFSD11,79157,1,1
MFSD8,256471,1,1
MGA,23269,1,1
MGAT5,4249,1,1
MGP,4256,1,1
MGST2,4258,1,1
MIA2,4253,1,1
MIB2,142678,1,1
MICAL1,64780,1,1
MICAL3,57553,1,1
MICALL1,85377,1,1
MICALL2,79778,1,1
MICB,4277,1,1
MIDN,90007,1,1
MIF,4282,1,1
MIOS,54468,1,1
MIPOL1,145282,1,1
MIR1,100314077,1,1
MIR101A,387143,1,1
MIR10A,406902,1,1
MIR125B1,406911,1,1
MIR132,406921,1,1
MIR133B,442890,1,1
MIR181C,406957,1,1
MIR185,406961,1,1
MIR1915HG,399726,1,1
MIR192,406967,1,1
MIR205,406988,1,1
MIR206,406989,1,1
MIR20B,574032,1,1
MIR212,406994,1,1
MIR214,406996,1,1
MIR216A,406998,1,1
MIR22HG,84981,1,1
MIR25,407014,1,1
MIR27B,407019,1,1
MIR298,100126296,1,1
MIR29C,407026,1,1
MIR301A,407027,1,1
MIR324,442898,1,1
MIR33,723897,1,1
MIR33A,407039,1,1
MIR342,442909,1,1
MIR351,723910,1,1
MIR362,574030,1,1
MIR411,693121,1,1
MIR424,494336,1,1
MIR4271,100422952,1,1
MIR450A1,554214,1,1
MIR484,619553,1,1
MIR491,574444,1,1
MIR503,574506,1,1
MIR505,574508,1,1
MIR652,724022,1,1
MIR667,751552,1,1
MIR687,751541,1,1
MIR760,100126348,1,1
MIRLET7B,406884,1,1
MIRLET7E,406887,1,1
MISP,126353,1,1
MITD1,129531,1,1
MIXL1,83881,1,1
MKNK1,8569,1,1
MLH1,4292,1,1
MLLT3,4300,1,1
MLPH,79083,1,1
MMAB,326625,1,1
MMP11,4320,1,1
MMP12,4321,1,1
MN1,4330,1,1
MNS1,55329,1,1
MOB1B,92597,1,1
MOCOS,55034,1,1
MOCS2,4338,1,1
MOD2,110357,1,1
MOGAT1,116255,1,1
MOGAT2,80168,1,1
MORC4,79710,1,1
MORN2,729967,1,1
MOS,4342,1,1
MPC1,51660,1,1
MPC2,25874,1,1
MPDZ,8777,1,1
MPHOSPH9,10198,1,1
MPP7,143098,1,1
MPRIP,23164,1,1
MPZ,4359,1,1
MPZL1,9019,1,1
MR1,3140,1,1
MRE11,4361,1,1
MRE11A,17535,1,1
MRGPRX3,117195,1,1
MRI1,84245,1,1
MROH1,727957,1,1
MROH8,140699,1,1
MRPL12,6182,1,1
MRPL13,28998,1,1
MRPL20,55052,1,1
MRPL22,29093,1,1
MRPL23,6150,1,1
MRPL39,54148,1,1
MRPL47,57129,1,1
MRPL49,740,1,1
MRPL50,54534,1,1
MRPS22,56945,1,1
MRPS31,10240,1,1
MRPS6,64968,1,1
MRTFB,57496,1,1
MSANTD1,345222,1,1
MSANTD3,91283,1,1
MSH5,4439,1,1
MSH6,2956,1,1
MSMO1,6307,1,1
MSN,4478,1,1
MSR1,4481,1,1
MST1,4485,1,1
MST1L,11223,1,1
MSTNA,445816,1,1
MT1A,4489,1,1
MT1G,4495,1,1
MT1M,4499,1,1
MT1X,4501,1,1
MT2,17750,1,1
MT3,4504,1,1
MTA1,9112,1,1
MTARC1,64757,1,1
MTERF2,80298,1,1
MTERF3,51001,1,1
MTFR2,113115,1,1
MTHFD2L,441024,1,1
MTIF2,4528,1,1
MTIF3,219402,1,1
MTMR12,54545,1,1
MTMR4,9110,1,1
MTMR6,9107,1,1
MTMR9,66036,1,1
MTR,4548,1,1
MTREX,23517,1,1
MTSS1,9788,1,1
MUC13,56667,1,1
MUC15,143662,1,1
MUC2,4583,1,1
MUC5AC,4586,1,1
MUG1,17836,1,1
MUG2,17837,1,1
MUTYH,4595,1,1
MVD,4597,1,1
MVP,9961,1,1
MXD1,4084,1,1
MXI1,4601,1,1
MYB,4602,1,1
MYBL1,4603,1,1
MYBL2,4605,1,1
MYCBP2,23077,1,1
MYH11,4629,1,1
MYH9,4627,1,1
MYL12A,10627,1,1
MYL2,4633,1,1
MYL5,4636,1,1
MYLIP,29116,1,1
MYLK,4638,1,1
MYO1A,4640,1,1
MYO1B,4430,1,1
MYO5A,4644,1,1
MYO5C,55930,1,1
MYO6,4646,1,1
MYO7A,4647,1,1
MYOD1,4654,1,1
MYOF,26509,1,1
MYOM2,9172,1,1
MYSM1,114803,1,1
N4BP2L1,90634,1,1
N4BP2L2,10443,1,1
N6AMT1,29104,1,1
NAA80,24142,1,1
NAALAD2,10003,1,1
NABP1,64859,1,1
NACA,4666,1,1
NACC2,138151,1,1
NADK,65220,1,1
NADK2,133686,1,1
NAGLU,4669,1,1
NAGS,162417,1,1
NAP1L4,4676,1,1
NAP1L5,266812,1,1
NAPB,63908,1,1
NAPEPLD,222236,1,1
NAT14,57106,1,1
NAT2,10,1,1
NAT8,9027,1,1
NAT9,26151,1,1
NBEA,26960,1,1
NBN,4683,1,1
NCAPG2,54892,1,1
NCAPH2,29781,1,1
NCEH1,57552,1,1
NCF4,4689,1,1
NCKAP1,10787,1,1
NCKIPSD,51517,1,1
NCOA1,8648,1,1
NCOA2,10499,1,1
NCOA4,8031,1,1
NCOR1,9611,1,1
ND1,4535,1,1
ND3,4537,1,1
NDFIP2,54602,1,1
NDRG1,10397,1,1
NDRG2,57447,1,1
NDUFA3,4696,1,1
NDUFA4,4697,1,1
NDUFS3,4722,1,1
NECTIN4,81607,1,1
NEDD1,121441,1,1
NEDD4L,23327,1,1
NEDD8,4738,1,1
NEDD9,4739,1,1
NEFM,4741,1,1
NEK1,4750,1,1
NEK2,4751,1,1
NEK4,6787,1,1
NELFE,7936,1,1
NEMP1,23306,1,1
NET1,10276,1,1
NETO2,81831,1,1
NEXN,91624,1,1
NEXN-AS1,374987,1,1
NF1,4763,1,1
NFATC2,4773,1,1
NFATC2IP,84901,1,1
NFATC4,4776,1,1
NFE2L3,9603,1,1
NFIC,4782,1,1
NFIL3,4783,1,1
NFKB2,4791,1,1
NFRKB,4798,1,1
NFYA,4800,1,1
NGEF,25791,1,1
NGLY1,55768,1,1
NHERF1,9368,1,1
NICOL1,401115,1,1
NIF3L1,60491,1,1
NIFK,84365,1,1
NIN,51199,1,1
NINJ2,4815,1,1
NIPBL,25836,1,1
NIPSNAP3A,25934,1,1
NIT2,56954,1,1
NKAIN1,79570,1,1
NKD2,85409,1,1
NKIRAS1,28512,1,1
NKIRAS2,28511,1,1
NLE1,54475,1,1
NLK,51701,1,1
NMB,4828,1,1
NMD3,51068,1,1
NME1,4830,1,1
NME6,10201,1,1
NME7,29922,1,1
NMI,9111,1,1
NMUR1,10316,1,1
NOL12,79159,1,1
NONO,4841,1,1
NOP9,161424,1,1
NOS2A,404036,1,1
NOTCH4,4855,1,1
NPAS2,4862,1,1
NPBWR1,2831,1,1
NPFFR2,10886,1,1
NPM3,10360,1,1
NPR3,4883,1,1
NPY5R,4889,1,1
NR1D1,9572,1,1
NR1H4,9971,1,1
NR2C1,7181,1,1
NR2C2,7182,1,1
NR2F2,7026,1,1
NR3C2,4306,1,1
NR4A3,8013,1,1
NREP,9315,1,1
NSD2,7468,1,1
NSF,4905,1,1
NSFL1C,55968,1,1
NSG1,27065,1,1
NSMF,26012,1,1
NSRP1,84081,1,1
NSUN6,221078,1,1
NTAN1,123803,1,1
NTN4,59277,1,1
NTS,4922,1,1
NUAK1,9891,1,1
NUAK2,81788,1,1
NUBPL,80224,1,1
NUCB1,4924,1,1
NUCB2,4925,1,1
NUDC,10726,1,1
NUDCD2,134492,1,1
NUDT1,4521,1,1
NUDT14,256281,1,1
NUDT9,53343,1,1
NUF2,83540,1,1
NUFIP2,57532,1,1
NUP153,9972,1,1
NUP188,23511,1,1
NUP210,23225,1,1
NUP214,8021,1,1
NUP35,129401,1,1
NUP50,10762,1,1
NUP62CL,54830,1,1
NUP85,79902,1,1
NUP88,4927,1,1
NUPR1,26471,1,1
NUSAP1,51203,1,1
OAF,220323,1,1
OARD1,221443,1,1
OAS1,4938,1,1
OAS3,4940,1,1
ODAM,54959,1,1
OGA,10724,1,1
OGFOD2,79676,1,1
OGFRL1,79627,1,1
OIP5,11339,1,1
OLFML1,283298,1,1
OLFML3,56944,1,1
OMG,4974,1,1
ONECUT1,3175,1,1
ONECUT2,9480,1,1
OPA1,4976,1,1
OPTN,10133,1,1
OR52X1,259072,1,1
OR9S15,258483,1,1
ORC1,4998,1,1
ORC6,23594,1,1
ORM1,5004,1,1
ORM2,5005,1,1
ORMDL2,29095,1,1
OSBPL10,114884,1,1
OSBPL11,114885,1,1
OSGEPL1,64172,1,1
OSGIN1,29948,1,1
OSGIN2,734,1,1
OSR2,116039,1,1
OSTF1,26578,1,1
OSTM1,28962,1,1
OTOS,150677,1,1
OTUB2,78990,1,1
OTUD5,55593,1,1
OTUD6B,51633,1,1
OTX2,5015,1,1
OXNAD1,92106,1,1
OXR1,55074,1,1
OXTR,5021,1,1
P2RX2,22953,1,1
P2RX3,5024,1,1
P2RY11,5032,1,1
P2RY2,5029,1,1
P2RY5,100196098,1,1
P2RY6,5031,1,1
P3H4,10609,1,1
P4HA1,5033,1,1
P4HB,5034,1,1
PABIR1,116224,1,1
PABIR2,159090,1,1
PABPC1L,80336,1,1
PAEP,5047,1,1
PAFAH1B1,5048,1,1
PAH,5053,1,1
PAK1,5058,1,1
PALLD,23022,1,1
PALMD,54873,1,1
PALS1,64398,1,1
PALS2,51678,1,1
PANK1,53354,1,1
PANK2,80025,1,1
PAQR3,152559,1,1
PAQR5,54852,1,1
PAQR8,85315,1,1
PAQR9,344838,1,1
PARD3,56288,1,1
PARG,8505,1,1
PARP,3355109,1,1
PARP12,64761,1,1
PARPBP,55010,1,1
PART1,25859,1,1
PASK,23178,1,1
PATZ1,23598,1,1
PAX8,7849,1,1
PBDC1,51260,1,1
PBK,55872,1,1
PBRM1,55193,1,1
PBX3,5090,1,1
PCBP2,5094,1,1
PCCA,5095,1,1
PCDHB2,56133,1,1
PCF11,51585,1,1
PCGF6,84108,1,1
PCNX3,399909,1,1
PCNX4,64430,1,1
PCOLCE2,26577,1,1
PCSK5,5125,1,1
PCSK9,255738,1,1
PCYT1A,5130,1,1
PDE12,201626,1,1
PDE4C,5143,1,1
PDE4D,5144,1,0
PDGFC,56034,1,1
PDGFRA,5156,1,1
PDGFRL,5157,1,1
PDIA3,2923,1,1
PDIK1L,149420,1,1
PDK1,5163,1,1
PDK3,5165,1,1
PDLIM7,9260,1,1
PDP1,54704,1,1
PDP2,57546,1,1
PDSS2,57107,1,1
PDX1,3651,1,1
PEA15,8682,1,1
PEAR1,375033,1,1
PEBP1,5037,1,1
PECR,55825,1,1
PEG10,23089,1,1
PELI3,246330,1,1
PELO,53918,1,1
PER2,8864,1,1
PERP,64065,1,1
PEX13,5194,1,1
PEX14,5195,1,1
PEX16,9409,1,1
PEX19,5824,1,1
PEX2,5828,1,1
PEX3,8504,1,1
PEX6,5190,1,1
PFKFB4,5210,1,1
PGA3,643834,1,1
PGAM1A,323107,1,1
PGAP1,80055,1,1
PGBD1,84547,1,1
PGBD3,267004,1,1
PGC,5225,1,1
PGD,5226,1,1
PGF,5228,1,1
PGM1,5236,1,1
PGM2,55276,1,1
PGM2L1,283209,1,1
PGR,5241,1,1
PGRMC1,10857,1,1
PGS1,9489,1,1
PHACTR2,9749,1,1
PHACTR4,65979,1,1
PHAX,51808,1,1
PHF10,55274,1,1
PHF14,9678,1,1
PHF3,23469,1,1
PHKB,5257,1,1
PHLDA3,23612,1,1
PHLDB1,23187,1,1
PHLDB2,90102,1,1
PHOSPHO2,493911,1,1
PHRF1,57661,1,1
PHTF1,10745,1,1
PHTF2,57157,1,1
PHYHD1,254295,1,1
PHYHIPL,84457,1,1
PIEZO2,63895,1,1
PIF1,80119,1,1
PIGN,23556,1,1
PIGZ,80235,1,1
PIK3AP1,118788,1,1
PIK3C2A,5286,1,1
PIK3C2B,5287,1,1
PIK3C3,5289,1,1
PIK3CD,5293,1,0
PIK3R3,8503,1,1
PILRB,29990,1,1
PIMREG,54478,1,1
PIN1,5300,1,1
PIP5K1B,8395,1,1
PIPOX,51268,1,1
PIR,8544,1,1
PIT54,395364,1,1
PITHD1,57095,1,1
PITPNC1,26207,1,1
PITPNM1,9600,1,1
PITX2,5308,1,1
PJA2,9867,1,1
PKDCC,91461,1,1
PKMYT1,9088,1,1
PKN1,5585,1,1
PKN2,5586,1,1
PLA2G12B,84647,1,1
PLA2G7,7941,1,1
PLAC8L1,153770,1,1
PLAG1,5324,1,1
PLAGL1,5325,1,1
PLCB1,23236,1,1
PLCB2,5330,1,1
PLCD3,113026,1,1
PLCE1,51196,1,1
PLCG1,5335,1,1
PLCG2,5336,1,1
PLCXD1,55344,1,1
PLD3,23646,1,1
PLEK,5341,1,1
PLEKHA2,59339,1,1
PLEKHA5,54477,1,1
PLEKHA6,22874,1,1
PLEKHG2,64857,1,1
PLEKHG4,25894,1,1
PLEKHH1,57475,1,1
PLEKHM1,9842,1,1
PLEKHO1,51177,1,1
PLGRKT,55848,1,1
PLIN1,5346,1,1
PLK,45915,1,1
PLK2,10769,1,1
PLK3,1263,1,1
PLOD2,5352,1,1
PLOD3,8985,1,1
PLP1,5354,1,1
PLPBP,11212,1,1
PLPPR1,54886,1,1
PLS1,5357,1,1
PLSCR1,5359,1,1
PLSCR4,57088,1,1
PLTP,5360,1,1
PLXNA3,55558,1,1
PLXNB2,23654,1,1
PLXNC1,10154,1,1
PMAIP1,5366,1,1
PMP22,5376,1,1
PNISR,25957,1,1
PNMA1,9240,1,1
PNMA6A,84968,1,1
PNP,4860,1,1
PNPLA2,57104,1,1
PNPLA5,150379,1,1
POC1A,25886,1,1
POGLUT2,79070,1,1
POGLUT3,143888,1,1
POGZ,23126,1,1
POLA1,5422,1,1
POLD2,5425,1,1
POLD4,57804,1,1
POLDIP2,26073,1,1
POLE,5426,1,1
POLE2,5427,1,1
POLQ,10721,1,1
POLR1D,51082,1,1
POLR1F,221830,1,1
POLR1G,10849,1,1
POLR1H,30834,1,1
POLR2A,5430,1,1
POLR2C,5432,1,1
POLR3B,55703,1,1
POLR3C,10623,1,1
POLR3D,661,1,1
POLR3G,10622,1,1
POLRMT,5442,1,1
POM121,9883,1,1
POM121C,100101267,1,1
POMT2,29954,1,1
POPDC2,64091,1,1
POU2AF1,5450,1,1
POU2AF3,120376,1,1
POU5F1,5460,1,1
POU5F2,134187,1,1
PPA2,27068,1,1
PPCDC,60490,1,1
PPFIBP2,8495,1,1
PPHLN1,51535,1,1
PPM1H,57460,1,1
PPM1K,152926,1,1
PPM1M,132160,1,1
PPP1R12A,4659,1,1
PPP1R16A,84988,1,1
PPP1R18,170954,1,1
PPP1R1A,5502,1,1
PPP1R21,129285,1,1
PPP1R37,284352,1,1
PPP1R3C,5507,1,1
PPP1R9A,55607,1,1
PPP2R1B,5519,1,1
PPP2R2D,55844,1,1
PPP2R3C,55012,1,1
PPP4R3A,55671,1,1
PPP4R4,57718,1,1
PPP6R2,9701,1,1
PPT1,5538,1,1
PPWD1,23398,1,1
PRAG1,157285,1,1
PRAP1,118471,1,1
PRCC,5546,1,1
PRDM10,56980,1,1
PRDX4,10549,1,1
PRELID2,153768,1,1
PRIMA1,145270,1,1
PRKAA2,5563,1,1
PRKAB2,5565,1,1
PRKAR1B,5575,1,1
PRKCE,5581,1,1
PRKCG,5582,1,1
PRKCH,5583,1,1
PRKCZ,5590,1,1
PRKD1,5587,1,1
PRKD3,23683,1,1
PRKN,5071,1,1
PRKRIP1,79706,1,1
PRMT5,10419,1,1
PRMT9,90826,1,1
PROC,5624,1,1
PROCR,10544,1,1
PRODH2,58510,1,1
PRORP,9692,1,1
PRORSD1P,344405,1,1
PROS1,5627,1,1
PROX1,5629,1,1
PRPF4B,8899,1,1
PRR15,222171,1,1
PRR3,80742,1,1
PRR7,80758,1,1
PRRC2B,84726,1,1
PRRC2C,23215,1,1
PRRT1,80863,1,1
PRSS30P,124221,1,1
PRUNE1,58497,1,1
PRXL2C,195827,1,1
PSAT1,29968,1,1
PSCA,8000,1,1
PSD3,23362,1,1
PSEN2,5664,1,1
PSMA6,5687,1,1
PSMA8,143471,1,1
PSMB6,5694,1,1
PSMB9,5698,1,1
PSMC3IP,29893,1,1
PSMD11,5717,1,1
PSMD2,5708,1,1
PSMD4,5710,1,1
PSMD5,5711,1,1
PSMG1,8624,1,1
PSMG2,56984,1,1
PSMG3-AS1,114796,1,1
PSMG4,389362,1,1
PSPH,5723,1,1
PSTPIP1,9051,1,1
PTBP1,5725,1,1
PTCHD4,442213,1,1
PTGDR2,11251,1,1
PTGES3,10728,1,1
PTGR2,145482,1,1
PTH,5741,1,0
PTHLH,5744,1,1
PTK2B,2185,1,1
PTP4A3,11156,1,1
PTPA,5524,1,1
PTPMT1,114971,1,1
PTPN1,5770,1,0
PTPN12,5782,1,1
PTPN2,5771,1,1
PTPRG,5793,1,1
PTPRH,5794,1,1
PTPRK,5796,1,1
PTPRN,5798,1,1
PTPRN2,5799,1,1
PUS10,150962,1,1
PWP1,11137,1,1
PWP2,5822,1,1
PXN,5829,1,1
PXYLP1,92370,1,1
PYCR2,29920,1,1
PYGB,5834,1,1
PYGM,5837,1,1
PYM1,84305,1,1
QDPR,5860,1,1
QPCT,25797,1,1
QRICH2,84074,1,1
QSOX1,5768,1,1
QSOX2,169714,1,1
RAB11FIP1,80223,1,1
RAB11FIP4,84440,1,1
RAB1B,81876,1,1
RAB20,55647,1,1
RAB23,51715,1,1
RAB28,9364,1,1
RAB31,11031,1,1
RAB40B,10966,1,1
RAB42,115273,1,1
RAB8B,51762,1,1
RABAC1,10567,1,1
RABEPK,10244,1,1
RABGAP1L,9910,1,1
RAC3,5881,1,1
RAD21,5885,1,1
RAD50,10111,1,1
RAD51AP1,10635,1,1
RAD51C,5889,1,1
RAD54L,8438,1,1
RADX,55086,1,1
RALA,5898,1,1
RALB,5899,1,1
RALBP1,10928,1,1
RALGDS,5900,1,1
RALY,22913,1,1
RAMP1,10267,1,1
RAN,5901,1,1
RANBP10,57610,1,1
RANBP6,26953,1,1
RAP1A,5906,1,1
RAPGEF2,9693,1,1
RAPGEF6,51735,1,1
RAPH1,65059,1,1
RAPSN,5913,1,1
RARB,5915,1,1
RARRES2,5919,1,1
RASD1,51655,1,1
RASSF1,11186,1,1
RAVER2,55225,1,1
RBAK,57786,1,1
RBBP6,5930,1,1
RBBP8,5932,1,1
RBCK1,10616,1,1
RBIS,401466,1,1
RBM10,8241,1,1
RBM15,64783,1,1
RBM15B,29890,1,1
RBM19,9904,1,1
RBM23,55147,1,1
RBM24,221662,1,1
RBM39,9584,1,1
RBM4,5936,1,1
RBM45,129831,1,1
RBM4B,83759,1,1
RBMS1,5937,1,1
RBMS2,5939,1,1
RBP1,5947,1,1
RBP4,5950,1,1
RBPJ,3516,1,1
RCBTB1,55213,1,1
RCHY1,25898,1,1
RDH12,145226,1,1
RECQL,5965,1,1
RECQL4,9401,1,1
REEP3,221035,1,1
REEP6,92840,1,1
REN,5972,1,1
RER1,11079,1,1
RERE,473,1,1
RESF1,55196,1,1
RETSAT,54884,1,1
REV3L,5980,1,1
RFC3,5983,1,1
RFC4,5984,1,1
RFFL,117584,1,1
RFNG,5986,1,1
RFPL3S,10737,1,1
RFWD3,55159,1,1
RFX7,64864,1,1
RFXAP,5994,1,1
RGCC,28984,1,1
RGD1310587,360894,1,1
RGL1,23179,1,1
RGMB,285704,1,1
RGPD3,653489,1,1
RGS1,5996,1,1
RGS10,6001,1,1
RGS19,10287,1,1
RGS2,5997,1,1
RGS20,8601,1,1
RGS7,6000,1,1
RHBDD2,57414,1,1
RHBDD3,25807,1,1
RHBDF2,79651,1,1
RHBDL2,54933,1,1
RHBG,57127,1,1
RHOA,387,1,1
RHOBTB1,9886,1,1
RHOBTB3,22836,1,1
RHOC,389,1,1
RHOF,54509,1,1
RHOT1,55288,1,1
RHOU,58480,1,1
RICTOR,253260,1,1
RIGI,23586,1,1
RILPL2,196383,1,1
RIMKLA,284716,1,1
RIN1,9610,1,1
RIN2,54453,1,1
RING1,6015,1,1
RINT1,60561,1,1
RIOK1,83732,1,1
RIPK2,8767,1,1
RIPPLY3,53820,1,1
RIT1,6016,1,1
RIT2,6014,1,1
RMND1,55005,1,1
RNASE4,6038,1,1
RNASEH2A,10535,1,1
RND1,27289,1,1
RNF113A,7737,1,1
RNF141,50862,1,1
RNF146,81847,1,1
RNF19B,127544,1,1
RNF213,57674,1,1
RNF24,11237,1,1
RNF34,80196,1,1
RNFT1,51136,1,1
RNPC3,55599,1,1
RORA,6095,1,1
RP9P,441212,1,1
RPA3,6119,1,1
RPAP1,26015,1,1
RPE,6120,1,1
RPGRIP1L,23322,1,1
RPL15,6138,1,1
RPL27A,6157,1,1
RPL28,6158,1,1
RPL3,6122,1,1
RPL32P3,132241,1,1
RPP38,10557,1,1
RPP40,10799,1,1
RPPH1,85495,1,1
RPS23,6228,1,1
RPS26,6231,1,1
RPS6KA3,6197,1,1
RPSA,3921,1,1
RRAD,6236,1,1
RRAS,6237,1,1
RRBP1,6238,1,1
RRM1,6240,1,1
RRM2,6241,1,1
RRM2B,50484,1,1
RRN3P3,100131998,1,1
RRP12,23223,1,1
RRP7A,27341,1,1
RRS1,23212,1,1
RSAD1,55316,1,1
RSAD2,91543,1,1
RSL1D1,26156,1,1
RSPO3,84870,1,1
RSRC1,51319,1,1
RSRP1,57035,1,1
RTCA,8634,1,1
RTN4IP1,84816,1,1
RUFY1,80230,1,1
RUNDC3B,154661,1,1
RUNX1,861,1,1
RUSF1,64755,1,1
RUVBL2,10856,1,1
RWDD2A,112611,1,1
RWDD2B,10069,1,1
RXRG,6258,1,1
RYK,6259,1,1
S100A1,6271,1,1
S100A11,6282,1,1
S100A13,6284,1,1
S100A16,140576,1,1
S100A2,6273,1,1
S100A3,6274,1,1
S100A4,6275,1,1
S100A6,6277,1,1
S100G,795,1,1
S100P,6286,1,1
SACS,26278,1,1
SAFB,6294,1,1
SALL1,6299,1,1
SAMD4A,23034,1,1
SAMD4B,55095,1,1
SAMD9,54809,1,1
SAMHD1,25939,1,1
SAP30BP,29115,1,1
SAP30L,79685,1,1
SAPCD2,89958,1,1
SART1,9092,1,1
SASH1,23328,1,1
SASS6,163786,1,1
SATB2,23314,1,1
SBDS,51119,1,1
SBF2,81846,1,1
SC5D,6309,1,1
SCAF11,9169,1,1
SCAND3,114821,1,1
SCAPER,49855,1,1
SCARA3,51435,1,1
SCARNA2,677766,1,1
SCD,6319,1,1
SCFD2,152579,1,1
SCG5,6447,1,1
SCGB1A1,7356,1,1
SCLT1,132320,1,1
SCMH1,22955,1,1
SCML2,10389,1,1
SCN1A,6323,1,1
SCN5A,6331,1,1
SCN9A,6335,1,1
SCRIB,23513,1,1
SDC2,6383,1,1
SDC4,6385,1,1
SDF2L1,23753,1,1
SDHA,6389,1,1
SDHAF4,135154,1,1
SEC11C,90701,1,1
SEC14L3,266629,1,1
SEC22A,26984,1,1
SEC24D,9871,1,1
SEC31A,22872,1,1
SEC62,7095,1,1
SEK-1,181043,1,1
SELENOO,83642,1,1
SELENOS,55829,1,1
SELL,6402,1,1
SEMA3C,10512,1,1
SEMA3F,6405,1,1
SEMA3G,56920,1,1
SEMA4G,57715,1,1
SENP1,29843,1,1
SENP3,26168,1,1
SENP7,57337,1,1
SEPSECS,51091,1,1
SERAC1,84947,1,1
SERINC2,347735,1,1
SERPINA10,51156,1,1
SERPINA4,5267,1,1
SERPINA6,866,1,1
SERPINA7,6906,1,1
SERPINB2,5055,1,1
SERPINB3,6317,1,1
SERPINB9,5272,1,1
SERPINC1,462,1,1
SERPINE2,5270,1,1
SERPINF1,5176,1,1
SERPINF2,5345,1,1
SERPINI1,5274,1,1
SESN1,27244,1,1
SESN3,143686,1,1
SETD2,29072,1,1
SETD5,55209,1,1
SETD6,79918,1,1
SETDB2,83852,1,1
SETMAR,6419,1,1
SF3A2,8175,1,1
SF3B1,23451,1,1
SF3B3,23450,1,1
SF3B4,10262,1,1
SFRP1,6422,1,1
SFRS3,100305297,1,1
SFT2D2,375035,1,1
SGK1,6446,1,1
SGK3,23678,1,1
SGO2,151246,1,1
SH2B3,10019,1,1
SH2D5,400745,1,1
SH3BGR,6450,1,1
SH3BGRL,6451,1,1
SH3BGRL2,83699,1,1
SH3BGRL3,83442,1,1
SH3BP2,6452,1,1
SH3D19,152503,1,1
SH3KBP1,30011,1,1
SH3PXD2A,9644,1,1
SH3RF1,57630,1,1
SH3YL1,26751,1,1
SHC1,6464,1,0
SHMT1,6470,1,1
SHROOM1,134549,1,1
SI,6476,1,1
SIAH1,6477,1,1
SIAH2,6478,1,1
SIK2,23235,1,1
SIPA1L1,26037,1,1
SIRT6,51548,1,1
SIRT7,51547,1,1
SKA1,220134,1,1
SKAP2,8935,1,1
SKIC8,80349,1,1
SKIDA1,387640,1,1
SLC12A6,9990,1,1
SLC13A3,64849,1,1
SLC13A5,284111,1,1
SLC16A13,201232,1,1
SLC16A6,9120,1,1
SLC17A2,10246,1,1
SLC17A9,63910,1,1
SLC18B1,116843,1,1
SLC19A3,80704,1,1
SLC1A2,6506,1,1
SLC20A1,6574,1,1
SLC22A15,55356,1,1
SLC22A18,5002,1,1
SLC22A9,114571,1,1
SLC23A2,9962,1,1
SLC25A1,6576,1,1
SLC25A12,8604,1,1
SLC25A16,8034,1,1
SLC25A20,788,1,1
SLC25A21,89874,1,1
SLC25A24,29957,1,1
SLC25A30,253512,1,1
SLC25A39,51629,1,1
SLC25A40,55972,1,1
SLC25A43,203427,1,1
SLC25A45,283130,1,1
SLC25A46,91137,1,1
SLC25A5,292,1,1
SLC26A2,1836,1,1
SLC26A3,1811,1,1
SLC27A2,11001,1,1
SLC29A1,2030,1,1
SLC29A3,55315,1,1
SLC2A10,81031,1,1
SLC2A3,6515,1,1
SLC30A1,7779,1,1
SLC30A10,55532,1,1
SLC33A1,9197,1,1
SLC35A1,10559,1,1
SLC35A2,7355,1,1
SLC35D1,23169,1,1
SLC35F5,80255,1,1
SLC35G2,80723,1,1
SLC37A2,219855,1,1
SLC38A1,81539,1,1
SLC38A11,151258,1,1
SLC38A2,54407,1,1
SLC38A3,10991,1,1
SLC38A4,55089,1,1
SLC38A5,92745,1,1
SLC38A6,145389,1,1
SLC38A9,153129,1,1
SLC39A10,57181,1,1
SLC39A11,201266,1,1
SLC39A4,55630,1,1
SLC39A5,283375,1,1
SLC39A8,64116,1,1
SLC3A2,6520,1,1
SLC41A1,254428,1,1
SLC41A2,84102,1,1
SLC44A3,126969,1,1
SLC44A5,204962,1,1
SLC49A4,84925,1,1
SLC4A7,9497,1,1
SLC51A,200931,1,1
SLC51B,123264,1,1
SLC5A3,6526,1,1
SLC5A9,200010,1,1
SLC66A3,130814,1,1
SLC6A11,6538,1,1
SLC6A12,6539,1,1
SLC6A4,6532,1,1
SLC6A8,6535,1,1
SLC7A5,8140,1,1
SLC7A6OS,84138,1,1
SLC9A1,6548,1,1
SLC9A6,10479,1,1
SLC9A8,23315,1,1
SLCO2A1,6578,1,1
SLCO4A1,28231,1,1
SLCO4C1,353189,1,1
SLCO5A1,81796,1,1
SLFNL1,200172,1,1
SLX4IP,128710,1,1
SMAD5,4090,1,1
SMAD6,4091,1,1
SMAP1,60682,1,1
SMARCA4,6597,1,1
SMARCAD1,56916,1,1
SMC1A,8243,1,1
SMC2,10592,1,1
SMC4,10051,1,1
SMC6,79677,1,1
SMG1,23049,1,1
SMG9,56006,1,1
SMIM19,114926,1,1
SMIM20,389203,1,1
SMIM24,284422,1,1
SMIM29,221491,1,1
SMIM3,85027,1,1
SMOX,54498,1,1
SMPDL3A,10924,1,1
SMURF1,57154,1,1
SMURF2,64750,1,1
SMYD3,64754,1,1
SNAPC4,6621,1,1
SNCA,6622,1,1
SNHG1,23642,1,1
SNHG10,283596,1,1
SNHG11,128439,1,1
SNHG20,654434,1,1
SNHG29,125144,1,1
SNHG32,50854,1,1
SNHG8,100093630,1,1
SNORA25,684959,1,1
SNORA61,677838,1,1
SNORA68,26780,1,1
SNORC,389084,1,1
SNRPD3,6634,1,1
SNX14,57231,1,1
SNX24,28966,1,1
SNX7,51375,1,1
SNX8,29886,1,1
SOAT1,6646,1,1
SOAT2,8435,1,1
SOBP,55084,1,1
SOCS1,8651,1,1
SOCS4,122809,1,1
SOCS6,9306,1,1
SOD-3,181748,1,1
SON,6651,1,1
SORBS2,8470,1,1
SORL1,6653,1,1
SOX2,6657,1,1
SOX30,11063,1,1
SOX4,6659,1,1
SOX9,6662,1,1
SP100,6672,1,1
SP5,389058,1,1
SPA17,53340,1,1
SPAG1,6674,1,1
SPAG16,79582,1,1
SPAG4,6676,1,1
SPAG5,10615,1,1
SPAST,6683,1,1
SPATA2L,124044,1,1
SPATA33,124045,1,1
SPC25,57405,1,1
SPIN3,169981,1,1
SPIN4,139886,1,1
SPINK1,6690,1,1
SPIRE2,84501,1,1
SPNS1,83985,1,1
SPOCD1,90853,1,1
SPON2,10417,1,1
SPRTN,83932,1,1
SPRY1,10252,1,1
SPSB1,80176,1,1
SPTLC3,55304,1,1
SQOR,58472,1,1
SRARP,149563,1,1
SRD5A3,79644,1,1
SRGAP3,9901,1,1
SRPX,8406,1,1
SRPX2,27286,1,1
SRSF1,6426,1,1
SRSF2,6427,1,1
SRSF5,6430,1,1
SRSF6,6431,1,1
SRSF7,6432,1,1
SRSF8,10929,1,1
SRXN1,140809,1,1
SSBP1,6742,1,1
SSR3,6747,1,1
SSUH2,51066,1,1
ST6GAL1,6480,1,1
ST7L,54879,1,1
STAG1,10274,1,1
STAG2,10735,1,1
STARD13,90627,1,1
STARD9,57519,1,1
STAT2,6773,1,1
STAT5,100135887,1,1
STAT5B,6777,1,1
STAT6,6778,1,1
STAU2,27067,1,1
STBD1,8987,1,1
STC1,6781,1,1
STC2,8614,1,1
STEAP1,26872,1,1
STEAP2,261729,1,1
STIL,6491,1,1
STIM2,57620,1,1
STK16,8576,1,1
STK17A,9263,1,1
STK17B,9262,1,1
STK38,11329,1,1
STMN1,3925,1,1
STN1,79991,1,1
STRBP,55342,1,1
STRN4,29888,1,1
STUB1,10273,1,1
STX16,8675,1,1
STX1A,6804,1,1
STX3,6809,1,1
STX5,6811,1,1
STXBP5,134957,1,1
STYX,6815,1,1
SUB1,10923,1,1
SUFU,51684,1,1
SUGCT,79783,1,1
SUGP1,57794,1,1
SULF2,55959,1,1
SULT1A2,6799,1,1
SULT1A3,6818,1,1
SULT1B1,27284,1,1
SULT1C1,20888,1,1
SULT1C2,6819,1,1
SULT1D1,53315,1,1
SULT2A2,100043194,1,1
SULT2A6,629219,1,1
SUN1,23353,1,1
SUOX,6821,1,1
SUSD3,203328,1,1
SVIL,6840,1,1
SVIP,258010,1,1
SYBU,55638,1,1
SYCE2,256126,1,1
SYNC,81493,1,1
SYNE2,23224,1,1
SYNE4,163183,1,1
SYNGR3,9143,1,1
SYTL1,84958,1,1
SYTL4,94121,1,1
TAC1,6863,1,1
TAC4,255061,1,1
TACC2,10579,1,1
TADA1,117143,1,1
TAF1A,9015,1,1
TAF3,83860,1,1
TAF5,6877,1,1
TAF5L,27097,1,1
TAF7,6879,1,1
TAF9,6880,1,1
TAF9B,51616,1,1
TAFA4,151647,1,1
TAFA5,25817,1,1
TAGLN2,8407,1,1
TALDO1,6888,1,1
TANGO2,128989,1,1
TAOK3,51347,1,1
TAP1,6890,1,1
TARBP1,6894,1,1
TARP,445347,1,1
TASOR,23272,1,1
TBC1D10B,26000,1,1
TBC1D7,51256,1,1
TBC1D8,11138,1,1
TBC1D8B,54885,1,1
TBC1D9,23158,1,1
TBC1D9B,23061,1,1
TBCK,93627,1,1
TBK1,29110,1,1
TBX3,6926,1,1
TCEA1,6917,1,1
TCEA2,6919,1,1
TCEAL8,90843,1,1
TCF12,6938,1,1
TCF19,6941,1,1
TCF7L2,6934,1,1
TCIM,56892,1,1
TCOF1,6949,1,1
TCP11L1,55346,1,1
TCRD,110066,1,1
TCTA,6988,1,1
TCTE1,202500,1,1
TDO2,6999,1,1
TDP2,51567,1,1
TDRD7,23424,1,1
TEFM,79736,1,1
TENT5A,55603,1,1
TENT5B,115572,1,1
TENT5C,54855,1,1
TEP1,7011,1,1
TERF2,7014,1,1
TET1,80312,1,1
TEX19,400629,1,1
TEX9,374618,1,1
TFDP1,7027,1,1
TFDP2,7029,1,1
TFF2,7032,1,1
TFPI,7035,1,1
TFPT,29844,1,1
TFR2,7036,1,1
TGFB1A,359834,1,1
TGFB1I1,7041,1,1
TGFB2,7042,1,1
TGFB3,7043,1,1
TGFBR1,7046,1,1
TGOLN2,10618,1,1
THAP10,56906,1,1
THAP2,83591,1,1
THBS2,7058,1,1
THEMIS2,9473,1,1
THNSL1,79896,1,1
THOC1,9984,1,1
THOC5,8563,1,1
THRA,7067,1,1
THSD1,55901,1,1
THYN1,29087,1,1
TIA1,7072,1,1
TICAM1,148022,1,1
TICAM2,353376,1,1
TIFA,92610,1,1
TIGAR,57103,1,1
TIGD1,200765,1,1
TIGD2,166815,1,1
TIMELESS,8914,1,1
TIMM10B,26515,1,1
TIMM8A,1678,1,1
TIPIN,54962,1,1
TK1,7083,1,1
TKFC,26007,1,1
TLE3,7090,1,1
TLK1,9874,1,1
TM2D3,80213,1,1
TM7SF2,7108,1,1
TM7SF3,51768,1,1
TMC7,79905,1,1
TMCC1,23023,1,1
TMED6,146456,1,1
TMEFF1,8577,1,1
TMEM106A,113277,1,1
TMEM115,11070,1,1
TMEM117,84216,1,1
TMEM126A,84233,1,1
TMEM126B,55863,1,1
TMEM128,85013,1,1
TMEM131L,23240,1,1
TMEM135,65084,1,1
TMEM138,51524,1,1
TMEM139,135932,1,1
TMEM140,55281,1,1
TMEM14A,28978,1,1
TMEM156,80008,1,1
TMEM160,54958,1,1
TMEM165,55858,1,1
TMEM168,64418,1,1
TMEM170B,100113407,1,1
TMEM178,68027,1,1
TMEM187,8269,1,1
TMEM19,55266,1,1
TMEM192,201931,1,1
TMEM208,29100,1,1
TMEM222,84065,1,1
TMEM242,729515,1,1
TMEM255A,55026,1,1
TMEM263,90488,1,1
TMEM268,203197,1,1
TMEM50B,757,1,1
TMEM54,113452,1,1
TMEM60,85025,1,1
TMEM64,169200,1,1
TMEM65,157378,1,1
TMEM67,91147,1,1
TMEM68,137695,1,1
TMEM86B,255043,1,1
TMEM9B,56674,1,1
TMPO,7112,1,1
TMPRSS6,164656,1,1
TMSB10,9168,1,1
TMT1A,25840,1,1
TMT1B,196410,1,1
TMX1,81542,1,1
TMX3,54495,1,1
TNC,3371,1,1
TNFA,405785,1,1
TNFAIP3,7128,1,1
TNFAIP8,25816,1,1
TNFRSF11B,4982,1,1
TNFRSF12A,51330,1,1
TNFRSF14,8764,1,1
TNFRSF19,55504,1,1
TNFRSF21,27242,1,1
TNFSF4,7292,1,1
TNKS,8658,1,1
TNKS1BP1,85456,1,1
TNNI2,7136,1,1
TNNI3,7137,1,1
TNNT2,7139,1,1
TNRC18,84629,1,1
TNS1,7145,1,1
TNS3,64759,1,1
TOMM22,56993,1,1
TONSL,4796,1,1
TOR1AIP1,26092,1,1
TOR2A,27433,1,1
TP53BP1,7158,1,1
TP53BP2,7159,1,1
TP53RK,112858,1,1
TP53TG1,11257,1,1
TPBG,7162,1,1
TPI,43582,1,1
TPM4,7171,1,1
TPP1,1200,1,1
TPR,7175,1,1
TPST2,8459,1,1
TRA2A,29896,1,1
TRAF2,7186,1,1
TRAF3,7187,1,1
TRAF4,9618,1,1
TRAF6,7189,1,1
TRAM1L1,133022,1,1
TRAP1,10131,1,1
TRAPPC10,7109,1,1
TRAPPC11,60684,1,1
TRAPPC2,6399,1,1
TRAPPC6A,79090,1,1
TREM2,54209,1,1
TRIAP1,51499,1,1
TRIB3,57761,1,1
TRIM11,81559,1,1
TRIM21,6737,1,1
TRIM22,10346,1,1
TRIM24,8805,1,1
TRIM28,10155,1,1
TRIM29,23650,1,1
TRIM38,10475,1,1
TRIM4,89122,1,1
TRIM47,91107,1,1
TRIM52,84851,1,1
TRIM56,81844,1,1
TRIM59,286827,1,1
TRIOBP,11078,1,1
TRIP13,9319,1,1
TRMT11,60487,1,1
TRMT61A,115708,1,1
TRMT61B,55006,1,1
TRMU,55687,1,1
TRPV2,51393,1,1
TRRAP,8295,1,1
TSC1,7248,1,1
TSC22D3,1831,1,1
TSEN15,116461,1,1
TSG101,7251,1,1
TSGA10,80705,1,1
TSHB,7252,1,1
TSHZ1,10194,1,1
TSPAN14,81619,1,1
TSPAN4,7106,1,1
TSPAN5,10098,1,1
TSPAN8,7103,1,1
TSPYL2,64061,1,1
TSPYL4,23270,1,1
TSSK4,283629,1,1
TST,7263,1,1
TTC14,151613,1,1
TTC17,55761,1,1
TTC27,55622,1,1
TTC33,23548,1,1
TTC39C,125488,1,1
TTC7B,145567,1,1
TTK,7272,1,1
TTLL3,26140,1,1
TTN,7273,1,1
TTR,7276,1,1
TTYH3,80727,1,1
TUBA1C,84790,1,1
TUBA8,51807,1,1
TUBB1,81027,1,1
TUBB2B,347733,1,1
TUBB6,84617,1,1
TUBBP5,643224,1,1
TUBD1,51174,1,1
TUBGCP3,10426,1,1
TUBGCP6,85378,1,1
TUFT1,7286,1,1
TUSC3,7991,1,1
TWF1,5756,1,1
TXLNA,200081,1,1
TXN2,25828,1,1
TXNDC15,79770,1,1
TXNDC16,57544,1,1
TXNRD2,10587,1,1
TYW3,127253,1,1
U2AF2,11338,1,1
UAP1L1,91373,1,1
UBA1,7317,1,1
UBA3,9039,1,1
UBA5,79876,1,1
UBAP1L,390595,1,1
UBAP2,55833,1,1
UBAP2L,9898,1,1
UBASH3B,84959,1,1
UBB,7314,1,1
UBC,7316,1,1
UBD,10537,1,1
UBE2E2,7325,1,1
UBE2L3,7332,1,1
UBE2Q2,92912,1,1
UBE3B,89910,1,1
UBE3C,9690,1,1
UBL3,5412,1,1
UBR4,23352,1,1
UBXN7,26043,1,1
UCHL1,7345,1,1
UCHL3,7347,1,1
UCN,7349,1,1
UCP3,7352,1,1
UFM1,51569,1,1
UFSP2,55325,1,1
UGCG,7357,1,1
UGDH,7358,1,1
UGP2,7360,1,1
UGT1A2,22236,1,1
UGT2A3,79799,1,1
UGT2B4,7363,1,1
UGT2B7,7364,1,1
UHMK1,127933,1,1
ULBP1,80329,1,1
ULBP2,80328,1,1
ULK1,8408,1,1
UNC-43,177921,1,1
UNC50,25972,1,1
UNC5CL,222643,1,1
UPF3B,65109,1,1
UPK3A,7380,1,1
UQCC1,55245,1,1
URB2,9816,1,1
URI1,8725,1,1
UROD,7389,1,1
USP1,7398,1,1
USP13,8975,1,1
USP14,9097,1,1
USP35,57558,1,1
USP4,7375,1,1
USP43,124739,1,1
USP46,64854,1,1
UTP15,84135,1,1
UTP18,51096,1,1
UTP20,27340,1,1
UTS2R,2837,1,1
VANGL1,81839,1,1
VAPB,9217,1,1
VAV2,7410,1,1
VCP,7415,1,1
VCPIP1,80124,1,1
VDAC2,7417,1,1
VEGFB,7423,1,1
VEGFD,2277,1,1
VIL1,7429,1,1
VIPR1,7433,1,1
VN1R1,57191,1,1
VNN1,8876,1,1
VPS16,64601,1,1
VPS36,51028,1,1
VPS39,23339,1,1
VPS54,51542,1,1
VRK1,7443,1,1
VSIG10L,147645,1,1
VSIG2,23584,1,1
VSNL1,7447,1,1
VTN,7448,1,1
VWA8,23078,1,1
WAPL,23063,1,1
WAS,7454,1,1
WASH2P,375260,1,1
WASHC5,9897,1,1
WBP1L,54838,1,1
WDFY1,57590,1,1
WDHD1,11169,1,1
WDR12,55759,1,1
WDR33,55339,1,1
WDR41,55255,1,1
WDR47,22911,1,1
WDR53,348793,1,1
WDR54,84058,1,1
WDR5B,54554,1,1
WDR62,284403,1,1
WDR7,23335,1,1
WDSUB1,151525,1,1
WFDC18,14038,1,1
WIZ,58525,1,1
WNT11,7481,1,1
WNT2BB,556087,1,1
WRNIP1,56897,1,1
WSB1,26118,1,1
WWC1,23286,1,1
WWC2,80014,1,1
WWOX,51741,1,1
XPA,7507,1,1
XPNPEP2,7512,1,1
XPNPEP3,63929,1,1
XPO1,7514,1,1
XPO6,23214,1,1
XPOT,11260,1,1
XRCC3,7517,1,1
XRCC4,7518,1,1
XRCC5,7520,1,1
YAE1,57002,1,1
YAP1,10413,1,1
YARS2,51067,1,1
YBX3,8531,1,1
YES1,7525,1,1
YJU2B,81576,1,1
YPEL2,388403,1,1
YRDC,79693,1,1
YWHAE,7531,1,1
YWHAQ,10971,1,1
ZAN,7455,1,1
ZBED3,84327,1,1
ZBED5,58486,1,1
ZBTB1,22890,1,1
ZBTB2,57621,1,1
ZBTB21,49854,1,1
ZBTB38,253461,1,1
ZC2HC1C,79696,1,1
ZC3H11A,9877,1,1
ZC3H13,23091,1,1
ZC3H18,124245,1,1
ZC3H4,23211,1,1
ZC3H7A,29066,1,1
ZC3HC1,51530,1,1
ZCCHC14,23174,1,1
ZCCHC18,644353,1,1
ZCCHC2,54877,1,1
ZCCHC7,84186,1,1
ZDHHC2,51201,1,1
ZDHHC21,340481,1,1
ZDHHC23,254887,1,1
ZFHX3,463,1,1
ZFP36,7538,1,1
ZFP36L1,677,1,1
ZFP37,7539,1,1
ZFP41,286128,1,1
ZFP69,339559,1,1
ZFP69B,65243,1,1
ZFPL1,7542,1,1
ZFX,7543,1,1
ZFYVE1,53349,1,1
ZFYVE19,84936,1,1
ZG16B,124220,1,1
ZHX2,22882,1,1
ZIC2,7546,1,1
ZMAT3,64393,1,1
ZMPSTE24,10269,1,1
ZMYM6,9204,1,1
ZNF112,7771,1,1
ZNF114,163071,1,1
ZNF117,51351,1,1
ZNF137P,7696,1,1
ZNF138,7697,1,1
ZNF184,7738,1,1
ZNF189,7743,1,1
ZNF211,10520,1,1
ZNF217,7764,1,1
ZNF225,7768,1,1
ZNF227,7770,1,1
ZNF23,7571,1,1
ZNF248,57209,1,1
ZNF260,339324,1,1
ZNF280A,129025,1,1
ZNF285,26974,1,1
ZNF30,90075,1,1
ZNF316,100131017,1,1
ZNF318,24149,1,1
ZNF337,26152,1,1
ZNF33B,7582,1,1
ZNF362,149076,1,1
ZNF37BP,100129482,1,1
ZNF385B,151126,1,1
ZNF395,55893,1,1
ZNF439,90594,1,1
ZNF44,51710,1,1
ZNF440,126070,1,1
ZNF441,126068,1,1
ZNF468,90333,1,1
ZNF502,91392,1,1
ZNF513,130557,1,1
ZNF518A,9849,1,1
ZNF552,79818,1,1
ZNF555,148254,1,1
ZNF557,79230,1,1
ZNF559,84527,1,1
ZNF561,93134,1,1
ZNF565,147929,1,1
ZNF57,126295,1,1
ZNF573,126231,1,1
ZNF576,79177,1,1
ZNF580,51157,1,1
ZNF581,51545,1,1
ZNF594,84622,1,1
ZNF600,162966,1,1
ZNF608,57507,1,1
ZNF609,23060,1,1
ZNF624,57547,1,1
ZNF639,51193,1,1
ZNF700,90592,1,1
ZNF708,7562,1,1
ZNF711,7552,1,1
ZNF75A,7627,1,1
ZNF777,27153,1,1
ZNF788P,388507,1,1
ZNF789,285989,1,1
ZNF79,7633,1,1
ZNF831,128611,1,1
ZNF84,7637,1,1
ZNF850,342892,1,1
ZNF875,284459,1,1
ZNRF3,84133,1,1
ZSCAN21,7589,1,1
ZSCAN26,7741,1,1
ZSCAN31,64288,1,1
ZSCAN4,201516,1,1
ZSWIM5,57643,1,1
ZSWIM6,57688,1,1
ZW10,9183,1,1
ZWILCH,55055,1,1
ZXDB,158586,1,1
